person_id,first_name,last_name,birth_year,death_year,sex,birth_place,death_place,place_id_birth,place_id_death
P000001,Ruby,Miller,1932,2019,F,,,LA_TERREBONNE,LA_TERREBONNE
P000002,Walter,Johnson,1890,1923,M,,,TX_JEFFERSON,MS_HINDS
P000003,Hazel,Bell,1952,2025,F,,,AR_PULASKI,AR_PULASKI
P000004,Pierre,Trahan,1949,2007,M,,,LA_OUACHITA,LA_OUACHITA
P000005,Arthur,Boudreaux,1931,1963,M,,,LA_ST_TAMMANY,LA_ST_TAMMANY
P000006,Ruby,LeBlanc,1933,2001,F,,,LA_EBR_BTR,LA_EBR_BTR
P000007,John,Gautreaux,1908,1947,M,,,LA_LAFAYETTE,TX_HARRIS
P000008,Louise,Gautreaux,1937,1997,F,,,LA_TERREBONNE,LA_TERREBONNE
P000009,Walter,Gautreaux,1920,1957,M,,,LA_OUACHITA,LA_ORLEANS_NO
P000010,Henry,Broussard,1920,1983,M,,,LA_ST_TAMMANY,LA_TERREBONNE
P000011,Arthur,Broussard,1912,1953,M,,,LA_ST_TAMMANY,LA_ST_TAMMANY
P000012,Louise,Broussard,1934,2012,F,,,LA_ST_TAMMANY,LA_ST_TAMMANY
P000013,Marie,Thibodeaux,1860,1941,F,,,LA_LAFAYETTE,LA_LAFAYETTE
P000014,Pierre,Boudreaux,1932,2001,M,,,LA_OUACHITA,LA_OUACHITA
P000015,George,Guidry,1882,1939,M,,,MS_HARRISON,MS_HARRISON
P000016,Marie,Miller,1941,2005,F,,,LA_TERREBONNE,LA_TERREBONNE
P000017,Rose,Johnson,1965,1996,F,,,LA_CALCASIEU,LA_ST_TAMMANY
P000018,Hazel,Brown,1903,1968,F,,,LA_RAPIDES,LA_RAPIDES
P000019,Louise,Bell,1936,1987,F,,,LA_ORLEANS_NO,LA_ORLEANS_NO
P000020,Hazel,Miller,1916,1977,F,,,LA_ST_TAMMANY,LA_ST_TAMMANY
P000021,Marie,Williams,1949,2025,F,,,LA_RAPIDES,LA_RAPIDES
P000022,James,Miller,1899,1971,M,,,LA_EBR_BTR,LA_EBR_BTR
P000023,Louis,LeBlanc,1910,1952,M,,,LA_TERREBONNE,LA_LAFAYETTE
P000024,Thomas,Hebert,1945,2021,M,,,LA_RAPIDES,LA_RAPIDES
P000025,Louis,Guidry,1908,1963,M,,,LA_LAFAYETTE,LA_ST_TAMMANY
P000026,James,Hebert,1918,1977,M,,,LA_RAPIDES,LA_RAPIDES
P000027,Hazel,Gautreaux,1897,1928,F,,,LA_CALCASIEU,LA_CALCASIEU
P000028,Henry,Thibodeaux,1933,1965,M,,,LA_CALCASIEU,LA_CALCASIEU
P000029,Thomas,Brown,1860,1933,M,,,LA_TERREBONNE,LA_LAFAYETTE
P000030,Louise,Williams,1928,1985,F,,,LA_RAPIDES,LA_RAPIDES
P000031,Arthur,Trahan,1894,1983,M,,,LA_LAFAYETTE,LA_ORLEANS_NO
P000032,Joseph,Johnson,1937,1989,M,,,LA_TERREBONNE,LA_TERREBONNE
P000033,Pierre,Comeaux,1899,1972,M,,,LA_RAPIDES,LA_RAPIDES
P000034,Pierre,Hebert,1965,2019,M,,,MS_HINDS,LA_ORLEANS_NO
P000035,Ruby,Thibodeaux,1936,1990,F,,,LA_ORLEANS_NO,LA_ORLEANS_NO
P000036,Pearl,Hebert,1900,1968,F,,,LA_TERREBONNE,LA_TERREBONNE
P000037,Evelyn,Fontenot,1893,1948,F,,,MS_HINDS,LA_LAFAYETTE
P000038,Ella,Broussard,1895,1954,F,,,LA_RAPIDES,LA_RAPIDES
P000039,Arthur,Boudreaux,1908,1995,M,,,AR_PULASKI,AR_PULASKI
P000040,Henry,Trahan,1965,2025,M,,,AR_PULASKI,LA_ST_TAMMANY
P000041,Arthur,Broussard,1906,1955,M,,,LA_EBR_BTR,LA_EBR_BTR
P000042,Louis,Trahan,1918,1965,M,,,TX_HARRIS,LA_ORLEANS_NO
P000043,Walter,Broussard,1914,1969,M,,,TX_JEFFERSON,TX_JEFFERSON
P000044,Josephine,Fontenot,1948,1978,F,,,LA_LAFAYETTE,LA_RAPIDES
P000045,Arthur,Doucet,1890,1938,M,,,TX_HARRIS,TX_HARRIS
P000046,Arthur,Fontenot,1873,1904,M,,,TX_JEFFERSON,TX_JEFFERSON
P000047,Joseph,Trahan,1896,1958,M,,,LA_ORLEANS_NO,LA_CALCASIEU
P000048,Hazel,Comeaux,1877,1922,F,,,LA_OUACHITA,LA_OUACHITA
P000049,Louise,Richard,1911,1982,F,,,LA_RAPIDES,LA_RAPIDES
P000050,Evelyn,Fontenot,1939,2025,F,,,MS_HINDS,LA_RAPIDES
P000051,Josephine,Trahan,1899,1937,F,,,LA_LAFAYETTE,AR_PULASKI
P000052,Louise,Landry,1921,1995,F,,,LA_RAPIDES,LA_ST_TAMMANY
P000053,Pearl,Broussard,1898,1948,F,,,LA_ST_TAMMANY,LA_ST_TAMMANY
P000054,James,Fontenot,1909,1981,M,,,TX_HARRIS,TX_HARRIS
P000055,Hazel,Trahan,1909,1963,F,,,LA_OUACHITA,TX_HARRIS
P000056,Walter,Boudreaux,1942,1972,M,,,LA_ST_TAMMANY,MS_HARRISON
P000057,Josephine,Broussard,1873,1932,F,,,LA_LAFAYETTE,LA_LAFAYETTE
P000058,Ruby,Thibodeaux,1926,1976,F,,,LA_EBR_BTR,LA_EBR_BTR
P000059,Louis,Guidry,1914,1944,M,,,LA_EBR_BTR,TX_JEFFERSON
P000060,Arthur,Thibodeaux,1902,1937,M,,,LA_ST_TAMMANY,LA_RAPIDES
P000061,Pearl,Babin,1899,1946,F,,,LA_ORLEANS_NO,MS_HINDS
P000062,Pearl,Williams,1912,1979,F,,,LA_EBR_BTR,LA_EBR_BTR
P000063,Pierre,Brown,1938,2009,M,,,LA_EBR_BTR,LA_EBR_BTR
P000064,George,Landry,1900,1961,M,,,LA_TERREBONNE,TX_JEFFERSON
P000065,Pierre,Bell,1932,1993,M,,,LA_RAPIDES,LA_RAPIDES
P000066,Pearl,Brown,1918,2006,F,,,LA_ORLEANS_NO,LA_ORLEANS_NO
P000067,Thomas,Bell,1934,1998,M,,,LA_OUACHITA,LA_OUACHITA
P000068,Thomas,Broussard,1930,2017,M,,,LA_ST_TAMMANY,MS_HINDS
P000069,Arthur,Trahan,1917,1993,M,,,LA_LAFAYETTE,LA_CALCASIEU
P000070,Louise,Fontenot,1917,1958,F,,,LA_CALCASIEU,LA_CALCASIEU
P000071,James,Hebert,1912,1980,M,,,AR_PULASKI,AR_PULASKI
P000072,Hazel,Miller,1912,1966,F,,,LA_EBR_BTR,LA_EBR_BTR
P000073,Josephine,Fontenot,1942,1975,F,,,LA_RAPIDES,LA_OUACHITA
P000074,Louis,Broussard,1962,2025,M,,,LA_ORLEANS_NO,LA_ORLEANS_NO
P000075,Evelyn,Doucet,1916,1985,F,,,LA_OUACHITA,LA_OUACHITA
P000076,Pierre,Fontenot,1907,1966,M,,,LA_RAPIDES,LA_RAPIDES
P000077,Louis,Broussard,1866,1942,M,,,LA_RAPIDES,LA_CALCASIEU
P000078,Ella,Broussard,1921,2011,F,,,LA_ORLEANS_NO,LA_ST_TAMMANY
P000079,Evelyn,Richard,1925,1963,F,,,LA_CALCASIEU,LA_CALCASIEU
P000080,Ella,LeBlanc,1951,2000,F,,,TX_JEFFERSON,TX_JEFFERSON
P000081,Joseph,Trahan,1933,1966,M,,,AR_PULASKI,AR_PULASKI
P000082,Hazel,Broussard,1912,1949,F,,,LA_CALCASIEU,LA_CALCASIEU
P000083,Thomas,Gautreaux,1949,1993,M,,,LA_CALCASIEU,LA_CALCASIEU
P000084,Arthur,LeBlanc,1903,1967,M,,,LA_OUACHITA,TX_JEFFERSON
P000085,Arthur,Trahan,1897,1960,M,,,LA_EBR_BTR,LA_EBR_BTR
P000086,Evelyn,Comeaux,1899,1947,F,,,LA_EBR_BTR,MS_HINDS
P000087,Evelyn,Richard,1906,1974,F,,,MS_HARRISON,MS_HARRISON
P000088,Evelyn,Landry,1895,1971,F,,,LA_TERREBONNE,LA_TERREBONNE
P000089,Thomas,Doucet,1929,1979,M,,,LA_ST_TAMMANY,LA_ST_TAMMANY
P000090,Joseph,Fontenot,1965,2025,M,,,LA_CALCASIEU,LA_CALCASIEU
P000091,Hazel,Gautreaux,1901,1935,F,,,LA_CALCASIEU,LA_CALCASIEU
P000092,George,Broussard,1910,1982,M,,,LA_EBR_BTR,LA_EBR_BTR
P000093,Pearl,Richard,1916,1992,F,,,LA_CALCASIEU,LA_CALCASIEU
P000094,Louis,Richard,1908,1955,M,,,AR_PULASKI,AR_PULASKI
P000095,Thomas,Babin,1870,1927,M,,,LA_TERREBONNE,LA_TERREBONNE
P000096,Arthur,LeBlanc,1901,1960,M,,,MS_HINDS,LA_TERREBONNE
P000097,Arthur,Babin,1902,1949,M,,,LA_EBR_BTR,LA_EBR_BTR
P000098,John,Comeaux,1898,1972,M,,,LA_TERREBONNE,LA_TERREBONNE
P000099,Joseph,Broussard,1903,1955,M,,,LA_ST_TAMMANY,MS_HARRISON
P000100,Clara,Broussard,1920,1988,F,,,LA_CALCASIEU,LA_ORLEANS_NO
P000101,John,Fontenot,1935,1984,M,,,LA_LAFAYETTE,LA_CALCASIEU
P000102,Evelyn,Trahan,1946,1985,F,,,TX_JEFFERSON,TX_JEFFERSON
P000103,James,Miller,1878,1960,M,,,LA_EBR_BTR,LA_EBR_BTR
P000104,Josephine,Doucet,1895,1925,F,,,LA_OUACHITA,MS_HINDS
P000105,Pierre,Landry,1916,1961,M,,,LA_ORLEANS_NO,TX_HARRIS
P000106,Joseph,Boudreaux,1880,1913,M,,,LA_TERREBONNE,LA_TERREBONNE
P000107,Marie,Guidry,1916,1982,F,,,LA_EBR_BTR,LA_EBR_BTR
P000108,Walter,Doucet,1951,1988,M,,,LA_EBR_BTR,MS_HINDS
P000109,Thomas,Landry,1902,1992,M,,,LA_LAFAYETTE,LA_LAFAYETTE
P000110,John,LeBlanc,1860,1921,M,,,LA_EBR_BTR,MS_HARRISON
P000111,Marie,Thibodeaux,1951,2014,F,,,MS_HARRISON,TX_HARRIS
P000112,Joseph,Landry,1862,1945,M,,,TX_HARRIS,TX_HARRIS
P000113,Thomas,Brown,1942,2024,M,,,LA_TERREBONNE,LA_ORLEANS_NO
P000114,John,Thibodeaux,1902,1969,M,,,LA_OUACHITA,LA_RAPIDES
P000115,Henry,Broussard,1893,1945,M,,,AR_PULASKI,LA_RAPIDES
P000116,Joseph,Comeaux,1949,1979,M,,,LA_TERREBONNE,LA_EBR_BTR
P000117,Ruby,Broussard,1892,1957,F,,,LA_ORLEANS_NO,LA_ORLEANS_NO
P000118,Evelyn,Broussard,1946,2012,F,,,LA_LAFAYETTE,LA_TERREBONNE
P000119,Ruby,Trahan,1883,1962,F,,,LA_TERREBONNE,MS_HINDS
P000120,Marie,Comeaux,1884,1931,F,,,LA_ST_TAMMANY,LA_LAFAYETTE
P000121,Pearl,Trahan,1913,2001,F,,,LA_CALCASIEU,LA_CALCASIEU
P000122,Pierre,Bell,1892,1969,M,,,LA_CALCASIEU,LA_CALCASIEU
P000123,Ruby,Trahan,1895,1927,F,,,LA_LAFAYETTE,LA_LAFAYETTE
P000124,Ella,Landry,1954,2025,F,,,TX_JEFFERSON,LA_RAPIDES
P000125,Marie,Boudreaux,1922,1979,F,,,LA_OUACHITA,AR_PULASKI
P000126,Hazel,Thibodeaux,1942,1996,F,,,LA_RAPIDES,LA_RAPIDES
P000127,Thomas,Landry,1899,1945,M,,,LA_ORLEANS_NO,LA_ORLEANS_NO
P000128,Arthur,Landry,1898,1946,M,,,LA_ORLEANS_NO,LA_ORLEANS_NO
P000129,James,Doucet,1911,1976,M,,,LA_ST_TAMMANY,LA_ST_TAMMANY
P000130,Louise,Comeaux,1906,1970,F,,,LA_LAFAYETTE,LA_LAFAYETTE
P000131,Thomas,Comeaux,1934,2015,M,,,LA_EBR_BTR,LA_CALCASIEU
P000132,Louise,Fontenot,1937,1996,F,,,LA_TERREBONNE,AR_PULASKI
P000133,Josephine,Broussard,1921,1990,F,,,LA_OUACHITA,TX_JEFFERSON
P000134,Clara,Guidry,1873,1931,F,,,LA_OUACHITA,LA_OUACHITA
P000135,Louis,Fontenot,1918,1991,M,,,MS_HINDS,MS_HINDS
P000136,Evelyn,Thibodeaux,1868,1937,F,,,LA_RAPIDES,LA_RAPIDES
P000137,George,Trahan,1937,1988,M,,,LA_EBR_BTR,LA_RAPIDES
P000138,Joseph,Fontenot,1928,1975,M,,,LA_LAFAYETTE,TX_HARRIS
P000139,Pearl,Trahan,1884,1969,F,,,LA_LAFAYETTE,LA_LAFAYETTE
P000140,Joseph,Thibodeaux,1909,1969,M,,,AR_PULASKI,AR_PULASKI
P000141,Pearl,Boudreaux,1874,1916,F,,,MS_HARRISON,MS_HARRISON
P000142,Pearl,Thibodeaux,1926,1975,F,,,LA_TERREBONNE,LA_TERREBONNE
P000143,Henry,Miller,1902,1989,M,,,LA_LAFAYETTE,LA_LAFAYETTE
P000144,John,Landry,1942,2006,M,,,LA_ST_TAMMANY,LA_ST_TAMMANY
P000145,Joseph,Landry,1961,2017,M,,,MS_HARRISON,LA_LAFAYETTE
P000146,Henry,Trahan,1930,2018,M,,,LA_EBR_BTR,LA_EBR_BTR
P000147,Arthur,Doucet,1904,1979,M,,,LA_ST_TAMMANY,LA_TERREBONNE
P000148,Louis,Fontenot,1948,2001,M,,,LA_OUACHITA,LA_OUACHITA
P000149,Joseph,Fontenot,1895,1966,M,,,LA_TERREBONNE,LA_ORLEANS_NO
P000150,John,Johnson,1954,2012,M,,,LA_OUACHITA,LA_LAFAYETTE
P000151,Ruby,Broussard,1911,1998,F,,,LA_ORLEANS_NO,TX_JEFFERSON
P000152,Clara,Broussard,1916,1973,F,,,LA_EBR_BTR,LA_EBR_BTR
P000153,Clara,Broussard,1956,1998,F,,,LA_ST_TAMMANY,LA_ST_TAMMANY
P000154,Hazel,Fontenot,1905,1978,F,,,LA_LAFAYETTE,LA_CALCASIEU
P000155,Louise,Comeaux,1889,1921,F,,,LA_EBR_BTR,LA_EBR_BTR
P000156,George,Broussard,1918,1996,M,,,AR_PULASKI,TX_HARRIS
P000157,Pierre,Johnson,1860,1937,M,,,LA_EBR_BTR,LA_EBR_BTR
P000158,Marie,Johnson,1910,1947,F,,,AR_PULASKI,AR_PULASKI
P000159,Arthur,Miller,1920,1987,M,,,LA_RAPIDES,LA_RAPIDES
P000160,Walter,Johnson,1901,1959,M,,,LA_TERREBONNE,LA_TERREBONNE
P000161,Hazel,Bell,1887,1960,F,,,LA_TERREBONNE,LA_TERREBONNE
P000162,Evelyn,Doucet,1907,1948,F,,,TX_HARRIS,TX_HARRIS
P000163,James,Doucet,1860,1935,M,,,LA_RAPIDES,LA_RAPIDES
P000164,Louis,Doucet,1877,1952,M,,,LA_ORLEANS_NO,LA_ORLEANS_NO
P000165,Josephine,Fontenot,1919,1976,F,,,LA_EBR_BTR,MS_HINDS
P000166,Pearl,Broussard,1899,1985,F,,,LA_CALCASIEU,LA_CALCASIEU
P000167,Marie,Babin,1958,2013,F,,,LA_OUACHITA,LA_ST_TAMMANY
P000168,Josephine,LeBlanc,1903,1971,F,,,LA_CALCASIEU,LA_CALCASIEU
P000169,Ella,Richard,1902,1939,F,,,LA_TERREBONNE,LA_TERREBONNE
P000170,Louise,Williams,1888,1949,F,,,LA_TERREBONNE,LA_TERREBONNE
P000171,Thomas,Boudreaux,1893,1943,M,,,MS_HINDS,LA_EBR_BTR
P000172,Thomas,Boudreaux,1923,1959,M,,,LA_EBR_BTR,LA_EBR_BTR
P000173,Ruby,Hebert,1891,1971,F,,,LA_ST_TAMMANY,LA_CALCASIEU
P000174,Arthur,Thibodeaux,1927,2009,M,,,LA_LAFAYETTE,LA_CALCASIEU
P000175,Thomas,Hebert,1946,1980,M,,,TX_JEFFERSON,LA_RAPIDES
P000176,Josephine,Doucet,1918,1994,F,,,LA_TERREBONNE,MS_HARRISON
P000177,Pierre,Fontenot,1939,2006,M,,,AR_PULASKI,AR_PULASKI
P000178,John,Fontenot,1885,1930,M,,,LA_LAFAYETTE,LA_LAFAYETTE
P000179,Rose,Gautreaux,1933,1983,F,,,LA_TERREBONNE,TX_HARRIS
P000180,Hazel,Broussard,1895,1941,F,,,LA_EBR_BTR,LA_EBR_BTR
P000181,Joseph,Richard,1948,2004,M,,,TX_JEFFERSON,TX_JEFFERSON
P000182,Louise,Richard,1927,1970,F,,,LA_RAPIDES,LA_ORLEANS_NO
P000183,Ruby,Boudreaux,1880,1954,F,,,LA_ST_TAMMANY,TX_HARRIS
P000184,Pierre,Thibodeaux,1947,1991,M,,,MS_HINDS,MS_HINDS
P000185,Ruby,Thibodeaux,1891,1927,F,,,MS_HINDS,MS_HINDS
P000186,Hazel,Boudreaux,1878,1944,F,,,MS_HARRISON,MS_HARRISON
P000187,Marie,Thibodeaux,1924,1971,F,,,LA_EBR_BTR,LA_EBR_BTR
P000188,Hazel,Guidry,1907,1964,F,,,LA_OUACHITA,LA_EBR_BTR
P000189,Arthur,Richard,1920,1974,M,,,LA_CALCASIEU,LA_CALCASIEU
P000190,Ruby,Landry,1923,1959,F,,,LA_ORLEANS_NO,MS_HARRISON
P000191,Arthur,Landry,1920,1981,M,,,LA_CALCASIEU,LA_OUACHITA
P000192,Marie,Landry,1916,1984,F,,,MS_HINDS,LA_RAPIDES
P000193,Josephine,Landry,1869,1940,F,,,LA_CALCASIEU,LA_CALCASIEU
P000194,Rose,Comeaux,1906,1990,F,,,LA_OUACHITA,LA_OUACHITA
P000195,Hazel,Trahan,1894,1984,F,,,LA_OUACHITA,LA_CALCASIEU
P000196,Pearl,Fontenot,1921,2001,F,,,LA_TERREBONNE,LA_TERREBONNE
P000197,Pierre,Bell,1932,1972,M,,,MS_HINDS,MS_HINDS
P000198,Pearl,Comeaux,1884,1921,F,,,LA_TERREBONNE,LA_TERREBONNE
P000199,Hazel,Gautreaux,1860,1919,F,,,LA_EBR_BTR,LA_EBR_BTR
P000200,Louise,LeBlanc,1940,1973,F,,,LA_RAPIDES,LA_RAPIDES
P000201,Pearl,LeBlanc,1937,2011,F,,,AR_PULASKI,LA_EBR_BTR
P000202,Ruby,Thibodeaux,1889,1920,F,,,LA_ST_TAMMANY,LA_ST_TAMMANY
P000203,Ruby,Richard,1933,2016,F,,,LA_OUACHITA,LA_TERREBONNE
P000204,Arthur,LeBlanc,1961,2025,M,,,TX_HARRIS,TX_HARRIS
P000205,Evelyn,Richard,1897,1953,F,,,LA_ST_TAMMANY,LA_LAFAYETTE
P000206,Louis,LeBlanc,1860,1894,M,,,LA_RAPIDES,LA_RAPIDES
P000207,Pearl,Hebert,1947,2022,F,,,LA_ST_TAMMANY,LA_ST_TAMMANY
P000208,John,Trahan,1939,1993,M,,,LA_TERREBONNE,TX_HARRIS
P000209,Henry,Doucet,1949,2008,M,,,LA_LAFAYETTE,LA_LAFAYETTE
P000210,John,Fontenot,1932,2008,M,,,LA_EBR_BTR,LA_RAPIDES
P000211,Walter,Fontenot,1893,1979,M,,,LA_CALCASIEU,LA_CALCASIEU
P000212,Ruby,Doucet,1930,1969,F,,,LA_ST_TAMMANY,LA_ST_TAMMANY
P000213,Marie,Comeaux,1935,1981,F,,,LA_CALCASIEU,LA_LAFAYETTE
P000214,George,Gautreaux,1907,1974,M,,,LA_LAFAYETTE,LA_LAFAYETTE
P000215,Evelyn,Babin,1894,1944,F,,,TX_HARRIS,TX_HARRIS
P000216,George,Babin,1921,1994,M,,,TX_JEFFERSON,TX_JEFFERSON
P000217,Louise,Babin,1871,1915,F,,,LA_LAFAYETTE,LA_LAFAYETTE
P000218,Rose,Broussard,1897,1987,F,,,LA_LAFAYETTE,TX_JEFFERSON
P000219,Ruby,Comeaux,1933,2007,F,,,MS_HINDS,TX_JEFFERSON
P000220,Arthur,LeBlanc,1944,1980,M,,,LA_CALCASIEU,LA_TERREBONNE
P000221,Pierre,Johnson,1931,1984,M,,,MS_HARRISON,MS_HARRISON
P000222,Josephine,Miller,1916,1955,F,,,LA_EBR_BTR,TX_HARRIS
P000223,Hazel,Bell,1904,1981,F,,,MS_HARRISON,MS_HINDS
P000224,Henry,Johnson,1926,2013,M,,,LA_EBR_BTR,LA_EBR_BTR
P000225,Pierre,Guidry,1915,1980,M,,,TX_JEFFERSON,TX_JEFFERSON
P000226,Ruby,Trahan,1888,1967,F,,,LA_TERREBONNE,LA_TERREBONNE
P000227,Louis,LeBlanc,1934,2000,M,,,LA_TERREBONNE,LA_TERREBONNE
P000228,Josephine,Guidry,1871,1940,F,,,LA_LAFAYETTE,LA_RAPIDES
P000229,Marie,Boudreaux,1934,1985,F,,,LA_EBR_BTR,LA_OUACHITA
P000230,John,Guidry,1890,1964,M,,,LA_TERREBONNE,LA_TERREBONNE
P000231,Evelyn,Richard,1965,2025,F,,,LA_TERREBONNE,AR_PULASKI
P000232,Marie,Broussard,1896,1952,F,,,MS_HINDS,MS_HINDS
P000233,Marie,Doucet,1920,1952,F,,,AR_PULASKI,AR_PULASKI
P000234,John,Fontenot,1927,2009,M,,,LA_EBR_BTR,LA_LAFAYETTE
P000235,Pearl,Johnson,1914,2001,F,,,TX_JEFFERSON,TX_JEFFERSON
P000236,Louis,Comeaux,1862,1950,M,,,TX_HARRIS,TX_HARRIS
P000237,Joseph,Fontenot,1944,2015,M,,,LA_LAFAYETTE,LA_LAFAYETTE
P000238,Pierre,Brown,1938,1981,M,,,LA_ORLEANS_NO,LA_RAPIDES
P000239,Joseph,Bell,1965,2009,M,,,AR_PULASKI,AR_PULASKI
P000240,John,Bell,1925,1986,M,,,TX_JEFFERSON,TX_JEFFERSON
P000241,Ella,Miller,1875,1947,F,,,LA_ORLEANS_NO,LA_ORLEANS_NO
P000242,Josephine,LeBlanc,1898,1957,F,,,AR_PULASKI,TX_JEFFERSON
P000243,Joseph,Brown,1903,1984,M,,,LA_LAFAYETTE,LA_LAFAYETTE
P000244,Arthur,Williams,1930,2011,M,,,LA_OUACHITA,LA_OUACHITA
P000245,Ella,Johnson,1936,2002,F,,,LA_RAPIDES,LA_RAPIDES
P000246,Thomas,Williams,1934,2002,M,,,LA_EBR_BTR,LA_RAPIDES
P000247,Joseph,Johnson,1896,1974,M,,,LA_EBR_BTR,LA_EBR_BTR
P000248,Walter,Gautreaux,1920,2004,M,,,LA_RAPIDES,LA_RAPIDES
P000249,Louise,Babin,1916,1999,F,,,LA_ST_TAMMANY,LA_ST_TAMMANY
P000250,Josephine,Broussard,1930,2005,F,,,LA_OUACHITA,LA_TERREBONNE
P000251,Ruby,LeBlanc,1892,1965,F,,,LA_RAPIDES,LA_RAPIDES
P000252,Clara,Gautreaux,1874,1916,F,,,LA_CALCASIEU,LA_CALCASIEU
P000253,Evelyn,Broussard,1917,1987,F,,,LA_OUACHITA,LA_OUACHITA
P000254,Arthur,Fontenot,1867,1948,M,,,LA_ST_TAMMANY,LA_ST_TAMMANY
P000255,John,Fontenot,1882,1921,M,,,AR_PULASKI,AR_PULASKI
P000256,John,Bell,1907,1985,M,,,TX_HARRIS,TX_HARRIS
P000257,Pierre,Comeaux,1877,1961,M,,,LA_ORLEANS_NO,AR_PULASKI
P000258,Pearl,Trahan,1860,1894,F,,,LA_EBR_BTR,LA_EBR_BTR
P000259,Pearl,Landry,1887,1954,F,,,AR_PULASKI,LA_ST_TAMMANY
P000260,James,Comeaux,1945,1984,M,,,LA_EBR_BTR,LA_ST_TAMMANY
P000261,Ella,Boudreaux,1860,1948,F,,,LA_ORLEANS_NO,LA_TERREBONNE
P000262,Hazel,Hebert,1890,1969,F,,,LA_RAPIDES,LA_RAPIDES
P000263,Arthur,Thibodeaux,1914,1968,M,,,LA_LAFAYETTE,LA_ORLEANS_NO
P000264,James,Fontenot,1892,1971,M,,,LA_ORLEANS_NO,LA_ORLEANS_NO
P000265,James,Thibodeaux,1887,1931,M,,,LA_CALCASIEU,LA_CALCASIEU
P000266,Louise,Thibodeaux,1931,2001,F,,,TX_HARRIS,LA_CALCASIEU
P000267,Louis,Comeaux,1893,1943,M,,,TX_HARRIS,TX_HARRIS
P000268,James,Broussard,1895,1942,M,,,LA_LAFAYETTE,LA_LAFAYETTE
P000269,John,Boudreaux,1885,1933,M,,,MS_HINDS,MS_HINDS
P000270,George,Broussard,1884,1954,M,,,LA_LAFAYETTE,LA_LAFAYETTE
P000271,Ella,LeBlanc,1900,1958,F,,,LA_CALCASIEU,LA_CALCASIEU
P000272,John,Miller,1965,1995,M,,,LA_TERREBONNE,LA_RAPIDES
P000273,Evelyn,Johnson,1925,1990,F,,,LA_OUACHITA,LA_OUACHITA
P000274,Walter,Brown,1941,1977,M,,,LA_ORLEANS_NO,LA_ORLEANS_NO
P000275,Louise,Richard,1884,1938,F,,,LA_TERREBONNE,LA_TERREBONNE
P000276,Walter,Bell,1924,1984,M,,,MS_HINDS,MS_HINDS
P000277,Clara,Richard,1922,1973,F,,,LA_LAFAYETTE,LA_LAFAYETTE
P000278,Hazel,Richard,1926,1981,F,,,LA_ORLEANS_NO,LA_ORLEANS_NO
P000279,George,Williams,1892,1936,M,,,LA_EBR_BTR,LA_EBR_BTR
P000280,Clara,Babin,1929,2011,F,,,LA_TERREBONNE,LA_TERREBONNE
P000281,James,LeBlanc,1908,1987,M,,,LA_EBR_BTR,AR_PULASKI
P000282,Louise,Broussard,1897,1941,F,,,TX_JEFFERSON,TX_HARRIS
P000283,Ella,LeBlanc,1931,2017,F,,,LA_CALCASIEU,LA_CALCASIEU
P000284,Ruby,Richard,1919,1990,F,,,LA_CALCASIEU,LA_CALCASIEU
P000285,Joseph,Richard,1916,1952,M,,,LA_OUACHITA,LA_OUACHITA
P000286,Josephine,Thibodeaux,1936,1971,F,,,LA_OUACHITA,LA_LAFAYETTE
P000287,John,Thibodeaux,1940,2017,M,,,LA_ORLEANS_NO,LA_ORLEANS_NO
P000288,Joseph,Landry,1915,1998,M,,,MS_HARRISON,MS_HARRISON
P000289,Hazel,Thibodeaux,1891,1935,F,,,LA_ORLEANS_NO,LA_TERREBONNE
P000290,Rose,Hebert,1940,2015,F,,,LA_ST_TAMMANY,LA_ST_TAMMANY
P000291,John,Trahan,1923,1977,M,,,LA_ORLEANS_NO,LA_CALCASIEU
P000292,George,Thibodeaux,1914,2004,M,,,AR_PULASKI,AR_PULASKI
P000293,Clara,Thibodeaux,1880,1935,F,,,LA_TERREBONNE,AR_PULASKI
P000294,Hazel,Hebert,1911,1970,F,,,LA_OUACHITA,LA_OUACHITA
P000295,Thomas,Boudreaux,1907,1989,M,,,LA_TERREBONNE,LA_OUACHITA
P000296,Evelyn,Miller,1937,2010,F,,,LA_CALCASIEU,TX_JEFFERSON
P000297,George,Trahan,1900,1952,M,,,AR_PULASKI,AR_PULASKI
P000298,Ella,Doucet,1934,1970,F,,,LA_ORLEANS_NO,LA_ORLEANS_NO
P000299,Louis,Broussard,1914,1983,M,,,LA_OUACHITA,LA_OUACHITA
P000300,Marie,Gautreaux,1917,1985,F,,,LA_TERREBONNE,MS_HINDS
P000301,James,Landry,1886,1945,M,,,TX_HARRIS,TX_HARRIS
P000302,Thomas,Hebert,1939,1991,M,,,LA_ORLEANS_NO,LA_ORLEANS_NO
P000303,Thomas,Thibodeaux,1945,2020,M,,,LA_EBR_BTR,LA_EBR_BTR
P000304,Joseph,Guidry,1897,1977,M,,,LA_EBR_BTR,TX_HARRIS
P000305,Clara,Thibodeaux,1891,1946,F,,,LA_RAPIDES,LA_RAPIDES
P000306,Louis,Boudreaux,1920,1962,M,,,LA_CALCASIEU,LA_ORLEANS_NO
P000307,Walter,Hebert,1894,1956,M,,,LA_LAFAYETTE,LA_ST_TAMMANY
P000308,Evelyn,Thibodeaux,1923,1958,F,,,AR_PULASKI,AR_PULASKI
P000309,John,Miller,1919,1981,M,,,LA_OUACHITA,LA_OUACHITA
P000310,Pearl,Miller,1914,1983,F,,,LA_OUACHITA,LA_RAPIDES
P000311,Evelyn,Miller,1870,1918,F,,,LA_TERREBONNE,LA_CALCASIEU
P000312,Louise,Bell,1898,1951,F,,,LA_LAFAYETTE,LA_LAFAYETTE
P000313,John,Miller,1918,1989,M,,,MS_HARRISON,MS_HARRISON
P000314,Louis,Brown,1904,1968,M,,,TX_JEFFERSON,LA_EBR_BTR
P000315,Louise,Miller,1898,1945,F,,,LA_ST_TAMMANY,LA_ST_TAMMANY
P000316,Henry,Bell,1900,1939,M,,,LA_RAPIDES,LA_OUACHITA
P000317,Louis,Johnson,1916,1958,M,,,LA_TERREBONNE,LA_TERREBONNE
P000318,Evelyn,Williams,1920,1988,F,,,TX_JEFFERSON,TX_JEFFERSON
P000319,Hazel,Trahan,1903,1936,F,,,LA_RAPIDES,LA_OUACHITA
P000320,Louise,Broussard,1965,2025,F,,,LA_CALCASIEU,LA_CALCASIEU
P000321,Rose,Johnson,1902,1948,F,,,LA_TERREBONNE,LA_LAFAYETTE
P000322,Clara,Brown,1944,2025,F,,,LA_OUACHITA,LA_OUACHITA
P000323,James,Hebert,1902,1973,M,,,LA_ORLEANS_NO,AR_PULASKI
P000324,George,Broussard,1907,1951,M,,,LA_OUACHITA,LA_OUACHITA
P000325,James,Richard,1896,1954,M,,,LA_OUACHITA,TX_HARRIS
P000326,Pearl,Richard,1897,1960,F,,,LA_TERREBONNE,LA_LAFAYETTE
P000327,Ruby,Broussard,1945,2011,F,,,AR_PULASKI,AR_PULASKI
P000328,Hazel,LeBlanc,1919,1968,F,,,LA_EBR_BTR,LA_EBR_BTR
P000329,James,LeBlanc,1877,1948,M,,,LA_ST_TAMMANY,LA_ST_TAMMANY
P000330,Louis,Brown,1912,1970,M,,,LA_TERREBONNE,LA_CALCASIEU
P000331,Louise,Broussard,1911,1985,F,,,TX_JEFFERSON,AR_PULASKI
P000332,Arthur,Broussard,1931,2020,M,,,LA_TERREBONNE,AR_PULASKI
P000333,Ruby,Trahan,1863,1916,F,,,LA_ORLEANS_NO,LA_OUACHITA
P000334,James,Comeaux,1929,1975,M,,,LA_ST_TAMMANY,LA_ST_TAMMANY
P000335,Ella,Broussard,1943,1974,F,,,LA_EBR_BTR,LA_EBR_BTR
P000336,James,Doucet,1896,1945,M,,,LA_CALCASIEU,LA_ORLEANS_NO
P000337,Ella,Fontenot,1874,1910,F,,,MS_HINDS,MS_HINDS
P000338,Evelyn,Guidry,1917,1989,F,,,MS_HINDS,MS_HINDS
P000339,Joseph,Boudreaux,1898,1987,M,,,LA_CALCASIEU,TX_JEFFERSON
P000340,Thomas,Landry,1914,1971,M,,,LA_CALCASIEU,LA_OUACHITA
P000341,Ella,Babin,1930,2004,F,,,LA_CALCASIEU,LA_CALCASIEU
P000342,Thomas,Richard,1911,1957,M,,,LA_ST_TAMMANY,LA_ST_TAMMANY
P000343,Ruby,Babin,1930,1985,F,,,LA_EBR_BTR,LA_EBR_BTR
P000344,Pierre,Gautreaux,1895,1941,M,,,LA_OUACHITA,LA_OUACHITA
P000345,Marie,Broussard,1915,1953,F,,,LA_LAFAYETTE,LA_ST_TAMMANY
P000346,Louis,Doucet,1922,1968,M,,,LA_ORLEANS_NO,LA_ORLEANS_NO
P000347,John,Broussard,1879,1944,M,,,LA_ORLEANS_NO,LA_LAFAYETTE
P000348,Evelyn,Guidry,1904,1989,F,,,LA_TERREBONNE,LA_TERREBONNE
P000349,Arthur,Trahan,1908,1990,M,,,LA_ST_TAMMANY,LA_ORLEANS_NO
P000350,Marie,Fontenot,1895,1960,F,,,LA_LAFAYETTE,LA_TERREBONNE
P000351,Ella,Trahan,1923,1976,F,,,LA_LAFAYETTE,TX_JEFFERSON
P000352,Henry,Comeaux,1941,2024,M,,,LA_LAFAYETTE,LA_EBR_BTR
P000353,Josephine,LeBlanc,1895,1930,F,,,LA_LAFAYETTE,LA_LAFAYETTE
P000354,Louis,Babin,1888,1946,M,,,LA_CALCASIEU,LA_OUACHITA
P000355,Pearl,Boudreaux,1920,1962,F,,,LA_LAFAYETTE,LA_RAPIDES
P000356,Hazel,Landry,1866,1945,F,,,LA_EBR_BTR,LA_EBR_BTR
P000357,Henry,Guidry,1964,2025,M,,,LA_TERREBONNE,TX_HARRIS
P000358,Evelyn,Landry,1946,1991,F,,,LA_TERREBONNE,LA_TERREBONNE
P000359,Marie,Williams,1945,2002,F,,,LA_TERREBONNE,LA_TERREBONNE
P000360,Rose,Bell,1941,2018,F,,,LA_CALCASIEU,LA_CALCASIEU
P000361,Pearl,LeBlanc,1877,1913,F,,,TX_JEFFERSON,TX_JEFFERSON
P000362,Thomas,Johnson,1914,1957,M,,,LA_ST_TAMMANY,LA_ST_TAMMANY
P000363,Ella,Gautreaux,1881,1922,F,,,LA_CALCASIEU,LA_TERREBONNE
P000364,Louise,Fontenot,1860,1902,F,,,LA_LAFAYETTE,LA_LAFAYETTE
P000365,Joseph,Comeaux,1866,1948,M,,,TX_HARRIS,TX_HARRIS
P000366,Pierre,Trahan,1953,2025,M,,,TX_HARRIS,TX_HARRIS
P000367,Pierre,Fontenot,1883,1954,M,,,LA_LAFAYETTE,LA_ORLEANS_NO
P000368,Louis,Comeaux,1952,1991,M,,,LA_OUACHITA,LA_OUACHITA
P000369,Josephine,Babin,1940,1972,F,,,LA_ORLEANS_NO,AR_PULASKI
P000370,Louis,Miller,1901,1957,M,,,LA_CALCASIEU,LA_CALCASIEU
P000371,Clara,Bell,1883,1939,F,,,LA_RAPIDES,LA_RAPIDES
P000372,Pearl,Bell,1879,1941,F,,,LA_EBR_BTR,LA_ST_TAMMANY
P000373,Louise,Johnson,1936,1966,F,,,LA_LAFAYETTE,LA_LAFAYETTE
P000374,Evelyn,Bell,1913,1985,F,,,LA_EBR_BTR,LA_EBR_BTR
P000375,Pearl,Johnson,1884,1945,F,,,TX_JEFFERSON,TX_JEFFERSON
P000376,Josephine,Miller,1875,1923,F,,,LA_ORLEANS_NO,LA_ORLEANS_NO
P000377,Pierre,Fontenot,1917,1961,M,,,LA_ORLEANS_NO,LA_TERREBONNE
P000378,Marie,Williams,1933,2001,F,,,LA_LAFAYETTE,LA_LAFAYETTE
P000379,Henry,Trahan,1913,1967,M,,,LA_TERREBONNE,LA_RAPIDES
P000380,Clara,Doucet,1892,1926,F,,,AR_PULASKI,MS_HARRISON
P000381,Josephine,Hebert,1873,1915,F,,,LA_ORLEANS_NO,LA_OUACHITA
P000382,John,Doucet,1903,1954,M,,,LA_ORLEANS_NO,LA_ORLEANS_NO
P000383,Henry,Comeaux,1937,1972,M,,,LA_ORLEANS_NO,LA_ORLEANS_NO
P000384,Marie,Babin,1954,2013,F,,,LA_EBR_BTR,LA_EBR_BTR
P000385,Marie,Gautreaux,1929,1982,F,,,MS_HARRISON,MS_HARRISON
P000386,Walter,Miller,1878,1923,M,,,LA_RAPIDES,LA_RAPIDES
P000387,Ella,Williams,1949,2014,F,,,LA_EBR_BTR,LA_TERREBONNE
P000388,Louis,Trahan,1923,2004,M,,,LA_TERREBONNE,LA_EBR_BTR
P000389,Louise,Fontenot,1933,2001,F,,,LA_OUACHITA,LA_OUACHITA
P000390,George,Brown,1928,1971,M,,,LA_RAPIDES,LA_RAPIDES
P000391,Clara,Comeaux,1860,1933,F,,,MS_HINDS,MS_HINDS
P000392,Josephine,Landry,1875,1933,F,,,LA_ST_TAMMANY,LA_ST_TAMMANY
P000393,Joseph,Fontenot,1912,1999,M,,,LA_ST_TAMMANY,LA_ST_TAMMANY
P000394,Walter,Broussard,1960,2007,M,,,LA_RAPIDES,MS_HARRISON
P000395,Pierre,Hebert,1932,2004,M,,,TX_HARRIS,TX_HARRIS
P000396,Walter,Fontenot,1910,1993,M,,,LA_ST_TAMMANY,LA_ST_TAMMANY
P000397,Arthur,Comeaux,1892,1979,M,,,LA_CALCASIEU,LA_CALCASIEU
P000398,Pearl,Fontenot,1948,1990,F,,,LA_RAPIDES,TX_JEFFERSON
P000399,Thomas,Fontenot,1935,2022,M,,,MS_HINDS,TX_HARRIS
P000400,Josephine,Babin,1870,1931,F,,,MS_HINDS,MS_HINDS
P000401,Rose,Williams,1908,1962,F,,,LA_OUACHITA,LA_OUACHITA
P000402,Louise,Hebert,1899,1958,F,,,MS_HARRISON,MS_HARRISON
P000403,Joseph,Boudreaux,1895,1952,M,,,LA_RAPIDES,LA_LAFAYETTE
P000404,Joseph,Doucet,1954,1994,M,,,MS_HINDS,MS_HINDS
P000405,Pearl,Comeaux,1899,1933,F,,,LA_OUACHITA,LA_OUACHITA
P000406,Thomas,Broussard,1905,1961,M,,,LA_ORLEANS_NO,LA_ORLEANS_NO
P000407,Arthur,Trahan,1949,2019,M,,,TX_HARRIS,TX_HARRIS
P000408,Louis,Doucet,1878,1909,M,,,LA_LAFAYETTE,LA_LAFAYETTE
P000409,Josephine,Richard,1911,1986,F,,,LA_EBR_BTR,LA_EBR_BTR
P000410,Rose,Gautreaux,1921,2008,F,,,LA_RAPIDES,AR_PULASKI
P000411,Henry,Broussard,1902,1975,M,,,LA_ORLEANS_NO,MS_HINDS
P000412,Rose,Landry,1897,1940,F,,,LA_ST_TAMMANY,LA_CALCASIEU
P000413,Louis,Broussard,1878,1959,M,,,LA_OUACHITA,AR_PULASKI
P000414,John,Johnson,1882,1962,M,,,LA_ST_TAMMANY,LA_ST_TAMMANY
P000415,Josephine,Comeaux,1911,1997,F,,,LA_ST_TAMMANY,TX_HARRIS
P000416,Thomas,Doucet,1874,1961,M,,,LA_OUACHITA,LA_CALCASIEU
P000417,Marie,Broussard,1870,1952,F,,,LA_RAPIDES,LA_ST_TAMMANY
P000418,Evelyn,Brown,1860,1898,F,,,LA_ORLEANS_NO,LA_RAPIDES
P000419,Rose,Doucet,1882,1945,F,,,LA_RAPIDES,LA_RAPIDES
P000420,Hazel,Williams,1943,1989,F,,,LA_OUACHITA,LA_OUACHITA
P000421,Marie,Johnson,1920,1960,F,,,LA_RAPIDES,LA_TERREBONNE
P000422,Marie,Hebert,1892,1962,F,,,LA_LAFAYETTE,LA_LAFAYETTE
P000423,George,Comeaux,1925,1968,M,,,LA_TERREBONNE,TX_JEFFERSON
P000424,Louise,Boudreaux,1884,1963,F,,,LA_OUACHITA,LA_OUACHITA
P000425,Clara,Gautreaux,1939,2003,F,,,LA_TERREBONNE,LA_TERREBONNE
P000426,John,Gautreaux,1908,1974,M,,,LA_EBR_BTR,TX_JEFFERSON
P000427,Josephine,Bell,1869,1933,F,,,LA_LAFAYETTE,LA_LAFAYETTE
P000428,Clara,Richard,1913,1944,F,,,LA_ORLEANS_NO,MS_HARRISON
P000429,Louis,Gautreaux,1910,1972,M,,,AR_PULASKI,LA_LAFAYETTE
P000430,Henry,Thibodeaux,1899,1983,M,,,MS_HINDS,MS_HINDS
P000431,Marie,Landry,1945,2021,F,,,MS_HARRISON,MS_HARRISON
P000432,Walter,Landry,1874,1963,M,,,LA_OUACHITA,TX_JEFFERSON
P000433,Arthur,Hebert,1920,1975,M,,,LA_ORLEANS_NO,MS_HINDS
P000434,James,Brown,1895,1969,M,,,LA_ST_TAMMANY,LA_ST_TAMMANY
P000435,Josephine,Broussard,1884,1917,F,,,LA_ORLEANS_NO,TX_HARRIS
P000436,Rose,Guidry,1869,1955,F,,,LA_ST_TAMMANY,LA_ST_TAMMANY
P000437,Arthur,Boudreaux,1903,1955,M,,,LA_OUACHITA,LA_RAPIDES
P000438,Louis,Brown,1892,1979,M,,,LA_TERREBONNE,MS_HARRISON
P000439,James,Thibodeaux,1936,2020,M,,,LA_RAPIDES,AR_PULASKI
P000440,George,Landry,1886,1949,M,,,LA_TERREBONNE,LA_LAFAYETTE
P000441,Ruby,Trahan,1915,2002,F,,,MS_HINDS,MS_HINDS
P000442,George,Brown,1938,2009,M,,,TX_HARRIS,LA_RAPIDES
P000443,Joseph,Fontenot,1930,1977,M,,,LA_EBR_BTR,LA_RAPIDES
P000444,Rose,Comeaux,1943,1996,F,,,LA_TERREBONNE,TX_HARRIS
P000445,Joseph,Broussard,1861,1929,M,,,LA_OUACHITA,LA_OUACHITA
P000446,Arthur,Doucet,1880,1927,M,,,LA_LAFAYETTE,LA_LAFAYETTE
P000447,Evelyn,Trahan,1930,1963,F,,,MS_HARRISON,LA_LAFAYETTE
P000448,James,Guidry,1906,1951,M,,,LA_RAPIDES,LA_RAPIDES
P000449,Pearl,Thibodeaux,1912,1952,F,,,LA_TERREBONNE,LA_ORLEANS_NO
P000450,Hazel,Guidry,1907,1964,F,,,LA_OUACHITA,LA_OUACHITA
P000451,Louise,LeBlanc,1886,1937,F,,,LA_LAFAYETTE,LA_LAFAYETTE
P000452,Evelyn,Landry,1885,1946,F,,,MS_HARRISON,LA_RAPIDES
P000453,Louis,Gautreaux,1921,1983,M,,,LA_RAPIDES,LA_RAPIDES
P000454,Henry,Fontenot,1918,1970,M,,,LA_OUACHITA,LA_OUACHITA
P000455,Louis,Doucet,1882,1962,M,,,LA_LAFAYETTE,LA_LAFAYETTE
P000456,Evelyn,Doucet,1962,2019,F,,,LA_LAFAYETTE,LA_LAFAYETTE
P000457,Joseph,Trahan,1916,2004,M,,,LA_ST_TAMMANY,LA_ORLEANS_NO
P000458,Thomas,Trahan,1942,2015,M,,,LA_EBR_BTR,LA_EBR_BTR
P000459,Walter,Doucet,1899,1989,M,,,LA_EBR_BTR,LA_EBR_BTR
P000460,Ruby,Comeaux,1902,1981,F,,,TX_HARRIS,TX_HARRIS
P000461,Thomas,Hebert,1926,2001,M,,,TX_HARRIS,LA_ORLEANS_NO
P000462,Josephine,Guidry,1942,2025,F,,,LA_TERREBONNE,LA_TERREBONNE
P000463,Pierre,Boudreaux,1889,1977,M,,,AR_PULASKI,LA_CALCASIEU
P000464,Joseph,Boudreaux,1907,1941,M,,,LA_EBR_BTR,LA_LAFAYETTE
P000465,Louis,Landry,1921,1963,M,,,LA_OUACHITA,MS_HINDS
P000466,Thomas,Thibodeaux,1885,1921,M,,,LA_TERREBONNE,LA_TERREBONNE
P000467,James,Bell,1922,1954,M,,,LA_CALCASIEU,LA_CALCASIEU
P000468,Ella,Boudreaux,1860,1923,F,,,LA_ORLEANS_NO,LA_ORLEANS_NO
P000469,Louise,Thibodeaux,1902,1951,F,,,LA_RAPIDES,LA_EBR_BTR
P000470,James,Hebert,1884,1921,M,,,LA_OUACHITA,MS_HINDS
P000471,James,Trahan,1913,1972,M,,,LA_RAPIDES,LA_ORLEANS_NO
P000472,Rose,Boudreaux,1941,2024,F,,,MS_HINDS,LA_TERREBONNE
P000473,Clara,Guidry,1965,2025,F,,,LA_RAPIDES,LA_RAPIDES
P000474,Henry,Gautreaux,1933,1989,M,,,LA_TERREBONNE,AR_PULASKI
P000475,Joseph,Comeaux,1939,2003,M,,,LA_EBR_BTR,LA_EBR_BTR
P000476,Hazel,Guidry,1955,2005,F,,,AR_PULASKI,AR_PULASKI
P000477,Thomas,Landry,1926,1997,M,,,LA_RAPIDES,LA_RAPIDES
P000478,Clara,Babin,1911,1954,F,,,LA_EBR_BTR,LA_EBR_BTR
P000479,Clara,Johnson,1883,1927,F,,,LA_EBR_BTR,LA_EBR_BTR
P000480,Rose,Williams,1888,1948,F,,,AR_PULASKI,AR_PULASKI
P000481,Louise,Bell,1950,2025,F,,,LA_RAPIDES,TX_HARRIS
P000482,Ella,Boudreaux,1917,1964,F,,,LA_EBR_BTR,TX_JEFFERSON
P000483,Arthur,Boudreaux,1920,2009,M,,,LA_LAFAYETTE,LA_OUACHITA
P000484,Joseph,Trahan,1902,1937,M,,,LA_RAPIDES,LA_RAPIDES
P000485,Hazel,Trahan,1903,1964,F,,,LA_OUACHITA,LA_ST_TAMMANY
P000486,Pierre,Trahan,1911,1987,M,,,LA_OUACHITA,LA_OUACHITA
P000487,Walter,Trahan,1868,1919,M,,,LA_ST_TAMMANY,LA_ST_TAMMANY
P000488,Clara,Comeaux,1908,1972,F,,,LA_OUACHITA,LA_OUACHITA
P000489,Henry,Comeaux,1965,2025,M,,,LA_EBR_BTR,LA_EBR_BTR
P000490,Louis,Brown,1896,1935,M,,,LA_OUACHITA,LA_OUACHITA
P000491,Louise,LeBlanc,1914,1980,F,,,LA_EBR_BTR,LA_TERREBONNE
P000492,Rose,Brown,1945,2024,F,,,TX_HARRIS,TX_HARRIS
P000493,Evelyn,Williams,1918,1982,F,,,LA_CALCASIEU,LA_TERREBONNE
P000494,Pearl,Comeaux,1868,1958,F,,,LA_EBR_BTR,LA_EBR_BTR
P000495,Joseph,LeBlanc,1876,1924,M,,,TX_HARRIS,TX_HARRIS
P000496,Henry,Hebert,1907,1958,M,,,LA_TERREBONNE,LA_TERREBONNE
P000497,Ella,Broussard,1942,2008,F,,,LA_LAFAYETTE,LA_LAFAYETTE
P000498,Louis,Broussard,1949,1993,M,,,TX_HARRIS,LA_LAFAYETTE
P000499,Louise,Comeaux,1908,1981,F,,,LA_CALCASIEU,LA_CALCASIEU
P000500,Hazel,Miller,1927,1969,F,,,LA_RAPIDES,AR_PULASKI
P000501,Ruby,Williams,1922,1985,F,,,LA_RAPIDES,AR_PULASKI
P000502,Pierre,Brown,1902,1955,M,,,LA_TERREBONNE,LA_TERREBONNE
P000503,Hazel,Johnson,1912,1986,F,,,LA_ORLEANS_NO,LA_RAPIDES
P000504,Pearl,Johnson,1915,1962,F,,,LA_TERREBONNE,LA_TERREBONNE
P000505,Clara,Boudreaux,1863,1893,F,,,LA_ST_TAMMANY,LA_ST_TAMMANY
P000506,Henry,Landry,1913,1988,M,,,LA_ST_TAMMANY,LA_ORLEANS_NO
P000507,Louis,Guidry,1953,2003,M,,,LA_ST_TAMMANY,LA_ST_TAMMANY
P000508,Pearl,Hebert,1895,1940,F,,,LA_OUACHITA,LA_OUACHITA
P000509,John,Gautreaux,1898,1932,M,,,LA_EBR_BTR,AR_PULASKI
P000510,Pierre,Johnson,1944,2025,M,,,LA_ORLEANS_NO,LA_ORLEANS_NO
P000511,George,Comeaux,1935,1995,M,,,LA_OUACHITA,LA_OUACHITA
P000512,Arthur,Broussard,1933,1989,M,,,TX_JEFFERSON,TX_JEFFERSON
P000513,Ella,Trahan,1898,1940,F,,,LA_ORLEANS_NO,LA_ST_TAMMANY
P000514,Thomas,Broussard,1912,1954,M,,,LA_ST_TAMMANY,LA_ST_TAMMANY
P000515,Henry,Babin,1870,1951,M,,,LA_ST_TAMMANY,LA_CALCASIEU
P000516,Ella,Doucet,1945,1992,F,,,LA_RAPIDES,LA_EBR_BTR
P000517,Thomas,Comeaux,1885,1951,M,,,LA_ST_TAMMANY,LA_ST_TAMMANY
P000518,Pearl,Broussard,1931,2000,F,,,LA_LAFAYETTE,LA_ORLEANS_NO
P000519,George,Doucet,1862,1952,M,,,MS_HINDS,MS_HINDS
P000520,Marie,Fontenot,1931,1982,F,,,MS_HINDS,LA_ST_TAMMANY
P000521,Pearl,Miller,1909,1973,F,,,LA_ST_TAMMANY,LA_RAPIDES
P000522,John,Babin,1919,1994,M,,,LA_EBR_BTR,MS_HINDS
P000523,Josephine,Hebert,1870,1942,F,,,LA_LAFAYETTE,LA_EBR_BTR
P000524,Louise,LeBlanc,1911,1947,F,,,LA_CALCASIEU,LA_CALCASIEU
P000525,Pierre,Johnson,1887,1965,M,,,TX_HARRIS,LA_ORLEANS_NO
P000526,Joseph,Landry,1860,1918,M,,,LA_ORLEANS_NO,LA_ORLEANS_NO
P000527,Walter,Miller,1908,1953,M,,,LA_RAPIDES,LA_RAPIDES
P000528,Ruby,Thibodeaux,1904,1976,F,,,LA_TERREBONNE,LA_RAPIDES
P000529,Joseph,Landry,1935,1970,M,,,MS_HINDS,MS_HINDS
P000530,James,Thibodeaux,1904,1975,M,,,LA_OUACHITA,LA_OUACHITA
P000531,Thomas,Babin,1870,1960,M,,,LA_ST_TAMMANY,TX_JEFFERSON
P000532,Ella,Fontenot,1913,1998,F,,,LA_RAPIDES,LA_RAPIDES
P000533,Arthur,Gautreaux,1886,1949,M,,,LA_RAPIDES,LA_RAPIDES
P000534,Louis,Babin,1888,1973,M,,,LA_EBR_BTR,LA_EBR_BTR
P000535,Pearl,Comeaux,1891,1949,F,,,TX_JEFFERSON,TX_JEFFERSON
P000536,George,Babin,1923,1996,M,,,LA_LAFAYETTE,LA_LAFAYETTE
P000537,Rose,LeBlanc,1860,1924,F,,,LA_LAFAYETTE,LA_CALCASIEU
P000538,Marie,Fontenot,1945,1979,F,,,LA_CALCASIEU,LA_CALCASIEU
P000539,John,Trahan,1946,2003,M,,,LA_OUACHITA,LA_OUACHITA
P000540,Louis,Fontenot,1914,1945,M,,,LA_ST_TAMMANY,LA_ST_TAMMANY
P000541,Hazel,Richard,1906,1992,F,,,LA_RAPIDES,AR_PULASKI
P000542,George,Fontenot,1874,1937,M,,,TX_JEFFERSON,TX_JEFFERSON
P000543,Ruby,Broussard,1905,1968,F,,,MS_HARRISON,MS_HARRISON
P000544,Clara,Trahan,1895,1949,F,,,LA_TERREBONNE,LA_TERREBONNE
P000545,James,Fontenot,1883,1952,M,,,LA_LAFAYETTE,LA_LAFAYETTE
P000546,Louis,Bell,1895,1925,M,,,LA_CALCASIEU,LA_ORLEANS_NO
P000547,Evelyn,Bell,1904,1977,F,,,AR_PULASKI,AR_PULASKI
P000548,Walter,Brown,1925,1974,M,,,LA_EBR_BTR,LA_ST_TAMMANY
P000549,Louise,Bell,1916,1962,F,,,LA_OUACHITA,MS_HINDS
P000550,Marie,Williams,1934,2020,F,,,LA_RAPIDES,MS_HARRISON
P000551,Walter,Johnson,1908,1944,M,,,TX_HARRIS,TX_HARRIS
P000552,Ella,Williams,1881,1924,F,,,TX_JEFFERSON,LA_RAPIDES
P000553,Pearl,Miller,1921,1976,F,,,LA_ORLEANS_NO,LA_ORLEANS_NO
P000554,Louis,Miller,1879,1938,M,,,TX_HARRIS,TX_HARRIS
P000555,Hazel,Bell,1921,1981,F,,,LA_OUACHITA,LA_OUACHITA
P000556,Rose,Johnson,1906,1946,F,,,TX_HARRIS,AR_PULASKI
P000557,Marie,Miller,1923,1981,F,,,LA_ORLEANS_NO,LA_ORLEANS_NO
P000558,Rose,Miller,1871,1938,F,,,LA_ORLEANS_NO,LA_RAPIDES
P000559,Marie,Hebert,1905,1966,F,,,TX_JEFFERSON,TX_JEFFERSON
P000560,Clara,Johnson,1927,1991,F,,,LA_RAPIDES,LA_RAPIDES
P000561,Joseph,Hebert,1895,1932,M,,,LA_ST_TAMMANY,MS_HARRISON
P000562,Pierre,Boudreaux,1897,1978,M,,,MS_HINDS,LA_RAPIDES
P000563,Louise,Thibodeaux,1941,1981,F,,,LA_EBR_BTR,LA_EBR_BTR
P000564,George,Boudreaux,1874,1920,M,,,LA_CALCASIEU,TX_JEFFERSON
P000565,Clara,Trahan,1906,1945,F,,,TX_HARRIS,LA_CALCASIEU
P000566,Clara,Guidry,1912,1989,F,,,TX_JEFFERSON,TX_JEFFERSON
P000567,Walter,Trahan,1912,1980,M,,,LA_TERREBONNE,MS_HARRISON
P000568,Hazel,Broussard,1919,2005,F,,,LA_LAFAYETTE,LA_LAFAYETTE
P000569,Clara,Landry,1921,1964,F,,,LA_OUACHITA,LA_OUACHITA
P000570,John,Comeaux,1919,1999,M,,,LA_LAFAYETTE,LA_TERREBONNE
P000571,John,Thibodeaux,1923,2011,M,,,LA_ST_TAMMANY,LA_ST_TAMMANY
P000572,Ella,Boudreaux,1919,1995,F,,,AR_PULASKI,TX_HARRIS
P000573,Evelyn,Boudreaux,1883,1965,F,,,LA_LAFAYETTE,LA_LAFAYETTE
P000574,Marie,Boudreaux,1885,1967,F,,,MS_HINDS,LA_EBR_BTR
P000575,James,Hebert,1923,1997,M,,,AR_PULASKI,TX_JEFFERSON
P000576,Marie,Comeaux,1918,1961,F,,,LA_RAPIDES,LA_RAPIDES
P000577,Arthur,Doucet,1860,1920,M,,,LA_EBR_BTR,AR_PULASKI
P000578,Louise,Comeaux,1937,2025,F,,,LA_RAPIDES,LA_RAPIDES
P000579,Pierre,Broussard,1911,1965,M,,,LA_CALCASIEU,LA_CALCASIEU
P000580,George,Broussard,1872,1916,M,,,LA_ST_TAMMANY,LA_ST_TAMMANY
P000581,Clara,Broussard,1938,1992,F,,,TX_JEFFERSON,TX_JEFFERSON
P000582,Arthur,Fontenot,1920,1952,M,,,LA_RAPIDES,LA_RAPIDES
P000583,Marie,Brown,1917,1984,F,,,LA_ORLEANS_NO,LA_OUACHITA
P000584,Louise,Brown,1889,1944,F,,,TX_JEFFERSON,LA_RAPIDES
P000585,Louis,Williams,1885,1925,M,,,LA_LAFAYETTE,LA_LAFAYETTE
P000586,Thomas,Brown,1942,2025,M,,,LA_RAPIDES,LA_RAPIDES
P000587,Thomas,Williams,1915,1977,M,,,LA_ORLEANS_NO,LA_ORLEANS_NO
P000588,Joseph,Bell,1903,1972,M,,,LA_ORLEANS_NO,LA_ORLEANS_NO
P000589,Rose,Williams,1898,1982,F,,,LA_RAPIDES,TX_JEFFERSON
P000590,Rose,Williams,1914,1968,F,,,LA_RAPIDES,LA_RAPIDES
P000591,Pearl,Johnson,1957,2009,F,,,LA_TERREBONNE,LA_TERREBONNE
P000592,Josephine,Bell,1918,1977,F,,,LA_CALCASIEU,TX_HARRIS
P000593,Pearl,Brown,1915,1993,F,,,TX_JEFFERSON,TX_JEFFERSON
P000594,Ella,Miller,1905,1983,F,,,LA_RAPIDES,LA_RAPIDES
P000595,Marie,Brown,1940,1991,F,,,LA_ORLEANS_NO,LA_ORLEANS_NO
P000596,Ella,Miller,1920,1964,F,,,LA_LAFAYETTE,LA_LAFAYETTE
P000597,Thomas,Johnson,1883,1967,M,,,LA_OUACHITA,LA_CALCASIEU
P000598,George,Brown,1901,1966,M,,,LA_EBR_BTR,LA_EBR_BTR
P000599,Marie,Miller,1907,1951,F,,,LA_OUACHITA,LA_RAPIDES
P000600,Joseph,Johnson,1885,1921,M,,,LA_TERREBONNE,LA_TERREBONNE
P000601,Arthur,Johnson,1965,2025,M,,,LA_CALCASIEU,LA_CALCASIEU
P000602,Marie,Guidry,1930,2007,F,,,LA_TERREBONNE,LA_TERREBONNE
P000603,Rose,Johnson,1940,1973,F,,,LA_OUACHITA,LA_TERREBONNE
P000604,Pierre,Williams,1965,1996,M,,,LA_EBR_BTR,LA_EBR_BTR
P000605,Louise,Williams,1939,1993,F,,,LA_ST_TAMMANY,LA_ST_TAMMANY
P000606,Clara,Brown,1910,1969,F,,,TX_JEFFERSON,TX_JEFFERSON
P000607,Rose,Hebert,1931,1969,F,,,LA_RAPIDES,AR_PULASKI
P000608,Walter,Hebert,1956,2025,M,,,LA_ORLEANS_NO,LA_LAFAYETTE
P000609,Clara,Boudreaux,1909,1971,F,,,LA_CALCASIEU,LA_LAFAYETTE
P000610,Pierre,Thibodeaux,1960,2025,M,,,LA_ORLEANS_NO,LA_ORLEANS_NO
P000611,Pierre,Boudreaux,1890,1943,M,,,LA_CALCASIEU,LA_TERREBONNE
P000612,Pierre,Thibodeaux,1965,2002,M,,,LA_EBR_BTR,LA_EBR_BTR
P000613,Clara,Richard,1897,1935,F,,,LA_LAFAYETTE,LA_LAFAYETTE
P000614,Arthur,Thibodeaux,1954,2024,M,,,TX_HARRIS,TX_HARRIS
P000615,Walter,Broussard,1907,1967,M,,,LA_ORLEANS_NO,LA_RAPIDES
P000616,Henry,Richard,1878,1935,M,,,LA_TERREBONNE,LA_EBR_BTR
P000617,Thomas,Babin,1899,1939,M,,,LA_OUACHITA,LA_EBR_BTR
P000618,Clara,Johnson,1887,1919,F,,,LA_ORLEANS_NO,LA_TERREBONNE
P000619,Louis,Johnson,1959,2025,M,,,LA_OUACHITA,LA_OUACHITA
P000620,Louis,Trahan,1920,1959,M,,,LA_CALCASIEU,LA_CALCASIEU
P000621,Hazel,Broussard,1912,1946,F,,,LA_LAFAYETTE,LA_LAFAYETTE
P000622,Clara,LeBlanc,1942,1979,F,,,LA_RAPIDES,LA_RAPIDES
P000623,Thomas,Doucet,1922,1960,M,,,MS_HINDS,MS_HINDS
P000624,Louise,Broussard,1934,1996,F,,,LA_ST_TAMMANY,TX_HARRIS
P000625,Pierre,Broussard,1907,1972,M,,,LA_ST_TAMMANY,LA_ST_TAMMANY
P000626,Evelyn,Doucet,1936,2024,F,,,LA_OUACHITA,LA_OUACHITA
P000627,Joseph,Comeaux,1879,1921,M,,,LA_CALCASIEU,LA_CALCASIEU
P000628,Thomas,Hebert,1905,1949,M,,,LA_TERREBONNE,LA_EBR_BTR
P000629,Louis,Landry,1938,2001,M,,,LA_RAPIDES,LA_CALCASIEU
P000630,Ella,Broussard,1904,1993,F,,,LA_RAPIDES,LA_RAPIDES
P000631,Ruby,Thibodeaux,1935,2003,F,,,LA_CALCASIEU,LA_EBR_BTR
P000632,Ruby,Broussard,1959,2007,F,,,LA_CALCASIEU,LA_CALCASIEU
P000633,Pearl,Landry,1917,1948,F,,,LA_OUACHITA,LA_OUACHITA
P000634,James,Thibodeaux,1896,1953,M,,,LA_TERREBONNE,LA_TERREBONNE
P000635,Arthur,Brown,1896,1938,M,,,LA_RAPIDES,LA_RAPIDES
P000636,Walter,Johnson,1901,1974,M,,,LA_ST_TAMMANY,MS_HARRISON
P000637,Josephine,Miller,1882,1954,F,,,LA_RAPIDES,LA_RAPIDES
P000638,Louise,Brown,1907,1981,F,,,MS_HINDS,MS_HINDS
P000639,James,LeBlanc,1937,2023,M,,,LA_RAPIDES,LA_RAPIDES
P000640,Louis,Bell,1948,2010,M,,,LA_CALCASIEU,LA_CALCASIEU
P000641,Marie,Brown,1914,1952,F,,,LA_ST_TAMMANY,LA_ST_TAMMANY
P000642,Evelyn,Broussard,1860,1910,F,,,LA_TERREBONNE,LA_OUACHITA
P000643,Ruby,Babin,1934,1964,F,,,LA_EBR_BTR,LA_EBR_BTR
P000644,Louise,Boudreaux,1876,1941,F,,,LA_CALCASIEU,LA_CALCASIEU
P000645,Rose,Fontenot,1923,1977,F,,,TX_HARRIS,MS_HARRISON
P000646,Walter,Trahan,1914,2003,M,,,LA_ORLEANS_NO,MS_HINDS
P000647,Louise,Gautreaux,1924,2008,F,,,LA_RAPIDES,LA_RAPIDES
P000648,Clara,Babin,1907,1946,F,,,LA_EBR_BTR,TX_JEFFERSON
P000649,Pierre,Babin,1903,1946,M,,,LA_RAPIDES,LA_RAPIDES
P000650,Henry,Broussard,1904,1948,M,,,LA_EBR_BTR,LA_TERREBONNE
P000651,John,Miller,1908,1959,M,,,LA_ORLEANS_NO,LA_ORLEANS_NO
P000652,Louise,Richard,1922,2001,F,,,LA_EBR_BTR,LA_EBR_BTR
P000653,Walter,Williams,1873,1929,M,,,LA_EBR_BTR,TX_JEFFERSON
P000654,Evelyn,Comeaux,1958,2022,F,,,LA_OUACHITA,LA_OUACHITA
P000655,Hazel,Johnson,1890,1950,F,,,LA_EBR_BTR,LA_EBR_BTR
P000656,James,Williams,1936,2014,M,,,LA_TERREBONNE,LA_EBR_BTR
P000657,Thomas,Babin,1890,1935,M,,,LA_CALCASIEU,LA_CALCASIEU
P000658,Pearl,Thibodeaux,1883,1966,F,,,LA_CALCASIEU,LA_CALCASIEU
P000659,Rose,Hebert,1934,1977,F,,,LA_EBR_BTR,LA_EBR_BTR
P000660,Louise,Thibodeaux,1934,2009,F,,,LA_EBR_BTR,MS_HINDS
P000661,Clara,Guidry,1913,1969,F,,,LA_OUACHITA,LA_OUACHITA
P000662,Pierre,Gautreaux,1896,1954,M,,,LA_EBR_BTR,LA_EBR_BTR
P000663,Evelyn,LeBlanc,1921,1983,F,,,LA_EBR_BTR,LA_RAPIDES
P000664,Hazel,Trahan,1880,1949,F,,,LA_ORLEANS_NO,LA_ORLEANS_NO
P000665,John,LeBlanc,1897,1940,M,,,LA_TERREBONNE,LA_TERREBONNE
P000666,Josephine,Broussard,1910,1950,F,,,LA_RAPIDES,LA_RAPIDES
P000667,Marie,Babin,1920,1962,F,,,LA_OUACHITA,LA_OUACHITA
P000668,Walter,Babin,1922,1997,M,,,LA_ST_TAMMANY,LA_ST_TAMMANY
P000669,George,Broussard,1890,1928,M,,,LA_ST_TAMMANY,LA_ST_TAMMANY
P000670,Marie,Babin,1882,1950,F,,,MS_HARRISON,MS_HARRISON
P000671,Henry,Gautreaux,1934,1998,M,,,LA_RAPIDES,LA_RAPIDES
P000672,Ella,Johnson,1882,1914,F,,,LA_TERREBONNE,LA_ORLEANS_NO
P000673,Josephine,Bell,1886,1936,F,,,LA_ST_TAMMANY,LA_CALCASIEU
P000674,John,Brown,1921,1982,M,,,LA_ORLEANS_NO,LA_ORLEANS_NO
P000675,Arthur,Miller,1921,1957,M,,,LA_ORLEANS_NO,LA_ORLEANS_NO
P000676,Louise,Bell,1892,1949,F,,,LA_LAFAYETTE,LA_RAPIDES
P000677,John,Babin,1934,2018,M,,,LA_ST_TAMMANY,LA_ST_TAMMANY
P000678,George,Boudreaux,1945,2025,M,,,TX_HARRIS,TX_HARRIS
P000679,Josephine,Broussard,1934,2023,F,,,LA_LAFAYETTE,LA_LAFAYETTE
P000680,Pearl,Fontenot,1938,1998,F,,,MS_HINDS,LA_CALCASIEU
P000681,Hazel,Broussard,1902,1958,F,,,TX_JEFFERSON,LA_CALCASIEU
P000682,Ella,Broussard,1899,1975,F,,,LA_OUACHITA,LA_OUACHITA
P000683,Marie,Richard,1882,1934,F,,,LA_EBR_BTR,LA_EBR_BTR
P000684,Joseph,Comeaux,1965,2017,M,,,LA_EBR_BTR,LA_CALCASIEU
P000685,Louis,Doucet,1892,1939,M,,,LA_LAFAYETTE,TX_JEFFERSON
P000686,Pierre,Doucet,1897,1981,M,,,LA_EBR_BTR,LA_RAPIDES
P000687,Marie,Doucet,1935,2009,F,,,LA_OUACHITA,LA_OUACHITA
P000688,Pearl,Comeaux,1912,1982,F,,,MS_HARRISON,LA_OUACHITA
P000689,George,Doucet,1892,1964,M,,,LA_ST_TAMMANY,LA_EBR_BTR
P000690,Ruby,Fontenot,1889,1963,F,,,LA_CALCASIEU,LA_CALCASIEU
P000691,Arthur,Fontenot,1935,1986,M,,,LA_TERREBONNE,LA_EBR_BTR
P000692,John,Trahan,1948,1983,M,,,LA_TERREBONNE,LA_TERREBONNE
P000693,Thomas,Comeaux,1926,2000,M,,,LA_LAFAYETTE,LA_LAFAYETTE
P000694,Evelyn,Fontenot,1911,1949,F,,,LA_EBR_BTR,LA_EBR_BTR
P000695,Louis,Brown,1895,1933,M,,,LA_RAPIDES,LA_RAPIDES
P000696,Thomas,Broussard,1932,2006,M,,,LA_ORLEANS_NO,LA_ORLEANS_NO
P000697,Louis,Thibodeaux,1897,1975,M,,,LA_TERREBONNE,LA_LAFAYETTE
P000698,Rose,Brown,1925,2003,F,,,LA_ORLEANS_NO,LA_ST_TAMMANY
P000699,Thomas,Miller,1901,1943,M,,,LA_ORLEANS_NO,LA_ORLEANS_NO
P000700,Arthur,Broussard,1868,1928,M,,,TX_HARRIS,TX_HARRIS
P000701,James,Gautreaux,1933,2001,M,,,LA_ST_TAMMANY,LA_ST_TAMMANY
P000702,Arthur,Gautreaux,1924,2003,M,,,LA_OUACHITA,LA_OUACHITA
P000703,Arthur,Richard,1932,1975,M,,,LA_CALCASIEU,LA_CALCASIEU
P000704,Josephine,Broussard,1954,2025,F,,,MS_HINDS,MS_HINDS
P000705,Pearl,Richard,1908,1977,F,,,LA_RAPIDES,LA_RAPIDES
P000706,Josephine,Landry,1898,1932,F,,,LA_OUACHITA,LA_OUACHITA
P000707,Pierre,Trahan,1892,1964,M,,,LA_EBR_BTR,LA_LAFAYETTE
P000708,Louise,Hebert,1911,1997,F,,,AR_PULASKI,LA_OUACHITA
P000709,Pearl,LeBlanc,1937,1997,F,,,MS_HINDS,MS_HINDS
P000710,Joseph,Thibodeaux,1920,1985,M,,,LA_LAFAYETTE,TX_JEFFERSON
P000711,Walter,Brown,1928,1967,M,,,LA_TERREBONNE,LA_TERREBONNE
P000712,Marie,Johnson,1902,1971,F,,,LA_OUACHITA,TX_JEFFERSON
P000713,Arthur,Bell,1948,1993,M,,,TX_JEFFERSON,TX_JEFFERSON
P000714,Rose,Trahan,1928,1992,F,,,MS_HINDS,LA_LAFAYETTE
P000715,Arthur,Broussard,1876,1930,M,,,LA_OUACHITA,LA_TERREBONNE
P000716,Louise,Bell,1922,1991,F,,,LA_ORLEANS_NO,LA_ORLEANS_NO
P000717,Pierre,Trahan,1965,2025,M,,,LA_TERREBONNE,LA_LAFAYETTE
P000718,Pearl,Hebert,1882,1946,F,,,TX_JEFFERSON,TX_JEFFERSON
P000719,Joseph,Fontenot,1938,2023,M,,,LA_CALCASIEU,LA_CALCASIEU
P000720,James,Gautreaux,1866,1951,M,,,MS_HARRISON,MS_HARRISON
P000721,Josephine,Broussard,1928,2006,F,,,TX_HARRIS,TX_HARRIS
P000722,Ruby,Richard,1904,1971,F,,,LA_OUACHITA,MS_HARRISON
P000723,Josephine,Babin,1954,2002,F,,,MS_HINDS,MS_HINDS
P000724,Clara,Babin,1860,1943,F,,,LA_CALCASIEU,LA_EBR_BTR
P000725,Ella,LeBlanc,1913,1980,F,,,LA_TERREBONNE,LA_TERREBONNE
P000726,Pierre,Richard,1938,1973,M,,,LA_CALCASIEU,LA_LAFAYETTE
P000727,Thomas,Landry,1952,2025,M,,,LA_TERREBONNE,LA_TERREBONNE
P000728,James,Guidry,1923,2005,M,,,LA_ORLEANS_NO,LA_ORLEANS_NO
P000729,Rose,Guidry,1943,2001,F,,,LA_ST_TAMMANY,LA_ST_TAMMANY
P000730,Pierre,Landry,1887,1943,M,,,LA_TERREBONNE,MS_HARRISON
P000731,Marie,Thibodeaux,1933,2017,F,,,LA_RAPIDES,LA_RAPIDES
P000732,John,LeBlanc,1922,1980,M,,,MS_HINDS,LA_OUACHITA
P000733,Clara,Babin,1894,1977,F,,,LA_TERREBONNE,LA_LAFAYETTE
P000734,Evelyn,Babin,1874,1936,F,,,AR_PULASKI,AR_PULASKI
P000735,Ruby,Williams,1935,1989,F,,,LA_OUACHITA,LA_OUACHITA
P000736,Arthur,Broussard,1918,1957,M,,,LA_ORLEANS_NO,LA_ORLEANS_NO
P000737,Joseph,Richard,1870,1916,M,,,LA_TERREBONNE,LA_OUACHITA
P000738,Ruby,LeBlanc,1883,1970,F,,,LA_OUACHITA,LA_ST_TAMMANY
P000739,Evelyn,Fontenot,1920,1985,F,,,LA_TERREBONNE,LA_OUACHITA
P000740,Clara,Miller,1894,1961,F,,,LA_ST_TAMMANY,AR_PULASKI
P000741,Clara,Boudreaux,1888,1967,F,,,LA_TERREBONNE,LA_TERREBONNE
P000742,John,Thibodeaux,1873,1961,M,,,LA_TERREBONNE,LA_TERREBONNE
P000743,Joseph,Thibodeaux,1882,1968,M,,,LA_ORLEANS_NO,LA_ST_TAMMANY
P000744,Louise,Guidry,1921,1952,F,,,LA_OUACHITA,TX_HARRIS
P000745,Pearl,Johnson,1956,2019,F,,,LA_LAFAYETTE,MS_HARRISON
P000746,Clara,Boudreaux,1916,1967,F,,,LA_EBR_BTR,LA_CALCASIEU
P000747,Josephine,Hebert,1930,2008,F,,,LA_ORLEANS_NO,MS_HINDS
P000748,Hazel,Guidry,1894,1926,F,,,LA_CALCASIEU,LA_CALCASIEU
P000749,Arthur,Hebert,1911,1953,M,,,MS_HARRISON,MS_HARRISON
P000750,Pearl,Landry,1863,1945,F,,,LA_RAPIDES,LA_RAPIDES
P000751,Hazel,Hebert,1884,1930,F,,,LA_OUACHITA,LA_OUACHITA
P000752,Ella,Hebert,1965,2025,F,,,LA_ST_TAMMANY,LA_ST_TAMMANY
P000753,Henry,Hebert,1933,1976,M,,,LA_ST_TAMMANY,LA_ST_TAMMANY
P000754,Rose,Brown,1903,1952,F,,,LA_ORLEANS_NO,LA_ORLEANS_NO
P000755,John,Thibodeaux,1938,2012,M,,,LA_LAFAYETTE,LA_ST_TAMMANY
P000756,Pearl,Thibodeaux,1923,2003,F,,,LA_TERREBONNE,LA_ST_TAMMANY
P000757,Marie,Thibodeaux,1914,1989,F,,,AR_PULASKI,AR_PULASKI
P000758,Louis,Thibodeaux,1908,1985,M,,,LA_ST_TAMMANY,LA_ST_TAMMANY
P000759,Walter,Boudreaux,1944,2006,M,,,LA_LAFAYETTE,LA_LAFAYETTE
P000760,Clara,Babin,1908,1992,F,,,AR_PULASKI,AR_PULASKI
P000761,Arthur,Williams,1948,1980,M,,,LA_ORLEANS_NO,LA_TERREBONNE
P000762,Ruby,Fontenot,1941,2017,F,,,LA_RAPIDES,MS_HINDS
P000763,Josephine,Thibodeaux,1860,1923,F,,,LA_ST_TAMMANY,LA_ST_TAMMANY
P000764,Ruby,Trahan,1925,1980,F,,,LA_CALCASIEU,MS_HINDS
P000765,Thomas,Bell,1878,1956,M,,,LA_EBR_BTR,LA_EBR_BTR
P000766,Joseph,Comeaux,1965,2025,M,,,LA_ORLEANS_NO,LA_ORLEANS_NO
P000767,Evelyn,Guidry,1893,1961,F,,,LA_ST_TAMMANY,LA_ST_TAMMANY
P000768,George,Hebert,1910,1977,M,,,LA_OUACHITA,LA_OUACHITA
P000769,Pearl,Thibodeaux,1927,1992,F,,,LA_ORLEANS_NO,LA_TERREBONNE
P000770,Pierre,Hebert,1911,1943,M,,,MS_HINDS,LA_LAFAYETTE
P000771,Evelyn,Broussard,1916,1960,F,,,LA_RAPIDES,LA_CALCASIEU
P000772,Evelyn,Hebert,1935,1972,F,,,LA_LAFAYETTE,MS_HARRISON
P000773,Thomas,Hebert,1872,1920,M,,,LA_OUACHITA,LA_RAPIDES
P000774,Thomas,Guidry,1891,1970,M,,,LA_CALCASIEU,LA_CALCASIEU
P000775,Rose,Boudreaux,1899,1958,F,,,LA_ST_TAMMANY,LA_ST_TAMMANY
P000776,Louis,Guidry,1915,1988,M,,,LA_ST_TAMMANY,TX_JEFFERSON
P000777,Ella,Thibodeaux,1949,1997,F,,,LA_LAFAYETTE,LA_OUACHITA
P000778,Ruby,Guidry,1918,1972,F,,,LA_TERREBONNE,LA_TERREBONNE
P000779,Hazel,Trahan,1931,1994,F,,,LA_OUACHITA,LA_OUACHITA
P000780,Walter,Brown,1903,1949,M,,,LA_CALCASIEU,LA_CALCASIEU
P000781,Thomas,Thibodeaux,1885,1942,M,,,LA_EBR_BTR,MS_HARRISON
P000782,Clara,Richard,1890,1980,F,,,LA_TERREBONNE,LA_TERREBONNE
P000783,Rose,Gautreaux,1916,1961,F,,,LA_CALCASIEU,TX_HARRIS
P000784,George,Gautreaux,1940,2003,M,,,MS_HARRISON,MS_HARRISON
P000785,Henry,Richard,1926,2009,M,,,AR_PULASKI,AR_PULASKI
P000786,Thomas,LeBlanc,1915,1978,M,,,LA_CALCASIEU,AR_PULASKI
P000787,Arthur,LeBlanc,1952,1992,M,,,LA_LAFAYETTE,LA_LAFAYETTE
P000788,John,Gautreaux,1929,1992,M,,,TX_HARRIS,TX_HARRIS
P000789,Arthur,Babin,1904,1956,M,,,TX_JEFFERSON,AR_PULASKI
P000790,Joseph,Trahan,1904,1960,M,,,LA_LAFAYETTE,LA_CALCASIEU
P000791,Rose,Doucet,1890,1976,F,,,LA_CALCASIEU,LA_CALCASIEU
P000792,Josephine,Broussard,1904,1990,F,,,LA_ST_TAMMANY,LA_ST_TAMMANY
P000793,John,Boudreaux,1894,1954,M,,,LA_RAPIDES,MS_HINDS
P000794,Pearl,Thibodeaux,1940,2002,F,,,LA_OUACHITA,LA_OUACHITA
P000795,Louise,Thibodeaux,1958,1990,F,,,LA_OUACHITA,LA_EBR_BTR
P000796,Walter,Landry,1937,2025,M,,,LA_CALCASIEU,LA_OUACHITA
P000797,Pearl,Landry,1931,2016,F,,,LA_ORLEANS_NO,LA_ORLEANS_NO
P000798,James,Hebert,1877,1960,M,,,LA_LAFAYETTE,LA_CALCASIEU
P000799,Clara,Hebert,1906,1950,F,,,LA_EBR_BTR,LA_TERREBONNE
P000800,Louise,Boudreaux,1869,1956,F,,,TX_JEFFERSON,LA_ST_TAMMANY
P000801,Josephine,Bell,1897,1943,F,,,LA_LAFAYETTE,LA_LAFAYETTE
P000802,Clara,Broussard,1930,1963,F,,,LA_ORLEANS_NO,LA_ORLEANS_NO
P000803,Pearl,Broussard,1878,1944,F,,,MS_HARRISON,MS_HARRISON
P000804,Pierre,Williams,1937,2019,M,,,LA_ST_TAMMANY,TX_HARRIS
P000805,Josephine,Williams,1931,1984,F,,,LA_ORLEANS_NO,LA_ORLEANS_NO
P000806,Josephine,Broussard,1904,1969,F,,,LA_ORLEANS_NO,LA_ORLEANS_NO
P000807,Ruby,Gautreaux,1905,1958,F,,,LA_LAFAYETTE,LA_OUACHITA
P000808,John,LeBlanc,1913,2003,M,,,LA_ST_TAMMANY,LA_LAFAYETTE
P000809,Josephine,Gautreaux,1897,1950,F,,,MS_HARRISON,MS_HARRISON
P000810,Ruby,Richard,1908,1986,F,,,LA_CALCASIEU,LA_ST_TAMMANY
P000811,Ruby,Babin,1900,1965,F,,,LA_RAPIDES,LA_RAPIDES
P000812,Thomas,Broussard,1932,1980,M,,,TX_HARRIS,TX_JEFFERSON
P000813,Marie,LeBlanc,1896,1951,F,,,LA_LAFAYETTE,LA_LAFAYETTE
P000814,Evelyn,Hebert,1899,1936,F,,,LA_CALCASIEU,AR_PULASKI
P000815,Arthur,Hebert,1898,1952,M,,,LA_OUACHITA,LA_ORLEANS_NO
P000816,James,Richard,1932,1988,M,,,LA_OUACHITA,LA_LAFAYETTE
P000817,Clara,Gautreaux,1916,1976,F,,,LA_TERREBONNE,LA_ST_TAMMANY
P000818,Clara,Gautreaux,1911,1970,F,,,MS_HARRISON,LA_LAFAYETTE
P000819,Pearl,Gautreaux,1939,2017,F,,,LA_CALCASIEU,LA_CALCASIEU
P000820,Clara,Thibodeaux,1918,1970,F,,,LA_TERREBONNE,LA_TERREBONNE
P000821,Henry,Broussard,1909,1969,M,,,LA_LAFAYETTE,LA_LAFAYETTE
P000822,Josephine,LeBlanc,1888,1945,F,,,LA_OUACHITA,LA_OUACHITA
P000823,James,Gautreaux,1940,2025,M,,,LA_ST_TAMMANY,MS_HARRISON
P000824,Henry,Gautreaux,1911,1979,M,,,LA_EBR_BTR,LA_OUACHITA
P000825,Ruby,Broussard,1935,2007,F,,,TX_HARRIS,TX_HARRIS
P000826,Joseph,LeBlanc,1935,1973,M,,,LA_TERREBONNE,LA_TERREBONNE
P000827,Louis,Babin,1915,1956,M,,,LA_ORLEANS_NO,LA_RAPIDES
P000828,Evelyn,Guidry,1950,2007,F,,,LA_ST_TAMMANY,TX_JEFFERSON
P000829,George,Trahan,1907,1958,M,,,LA_OUACHITA,LA_OUACHITA
P000830,Walter,Gautreaux,1907,1966,M,,,LA_RAPIDES,LA_RAPIDES
P000831,George,LeBlanc,1956,1991,M,,,LA_EBR_BTR,LA_EBR_BTR
P000832,Arthur,Hebert,1907,1949,M,,,LA_EBR_BTR,LA_EBR_BTR
P000833,Louise,Landry,1917,1990,F,,,LA_CALCASIEU,MS_HARRISON
P000834,John,Miller,1896,1930,M,,,LA_CALCASIEU,AR_PULASKI
P000835,Josephine,Hebert,1901,1986,F,,,LA_ST_TAMMANY,MS_HINDS
P000836,Ella,Boudreaux,1893,1953,F,,,LA_TERREBONNE,LA_ST_TAMMANY
P000837,Arthur,Landry,1887,1926,M,,,LA_OUACHITA,LA_OUACHITA
P000838,Louis,Landry,1893,1978,M,,,LA_LAFAYETTE,LA_EBR_BTR
P000839,Arthur,Hebert,1916,1982,M,,,LA_OUACHITA,LA_OUACHITA
P000840,Pearl,Hebert,1957,2004,F,,,LA_ORLEANS_NO,LA_ORLEANS_NO
P000841,Rose,Babin,1911,1984,F,,,TX_JEFFERSON,TX_JEFFERSON
P000842,Walter,Babin,1931,2006,M,,,LA_LAFAYETTE,LA_LAFAYETTE
P000843,Pearl,Broussard,1912,1975,F,,,AR_PULASKI,LA_CALCASIEU
P000844,Louise,LeBlanc,1946,2019,F,,,LA_TERREBONNE,LA_LAFAYETTE
P000845,James,Babin,1907,1996,M,,,LA_LAFAYETTE,LA_LAFAYETTE
P000846,James,Guidry,1922,1980,M,,,LA_CALCASIEU,LA_CALCASIEU
P000847,Ella,Trahan,1902,1939,F,,,AR_PULASKI,AR_PULASKI
P000848,Walter,Doucet,1962,1993,M,,,LA_LAFAYETTE,MS_HINDS
P000849,Ruby,Doucet,1885,1947,F,,,TX_JEFFERSON,TX_JEFFERSON
P000850,Thomas,Doucet,1926,2006,M,,,LA_OUACHITA,TX_JEFFERSON
P000851,Ella,Miller,1964,2025,F,,,LA_CALCASIEU,LA_OUACHITA
P000852,Pearl,Gautreaux,1865,1912,F,,,LA_OUACHITA,LA_OUACHITA
P000853,Louis,Hebert,1892,1971,M,,,LA_RAPIDES,LA_RAPIDES
P000854,John,Boudreaux,1921,1961,M,,,LA_EBR_BTR,LA_LAFAYETTE
P000855,Walter,Broussard,1950,1990,M,,,LA_RAPIDES,LA_ST_TAMMANY
P000856,Joseph,Boudreaux,1929,1965,M,,,LA_ST_TAMMANY,LA_ST_TAMMANY
P000857,Pearl,Thibodeaux,1920,1972,F,,,MS_HARRISON,MS_HARRISON
P000858,Thomas,Guidry,1897,1978,M,,,LA_OUACHITA,LA_ORLEANS_NO
P000859,Marie,Miller,1934,2022,F,,,LA_CALCASIEU,TX_JEFFERSON
P000860,Thomas,Miller,1905,1966,M,,,TX_HARRIS,LA_RAPIDES
P000861,Louis,Miller,1884,1946,M,,,MS_HINDS,LA_LAFAYETTE
P000862,Ella,Williams,1911,1957,F,,,LA_OUACHITA,LA_OUACHITA
P000863,Louis,Williams,1953,2025,M,,,LA_LAFAYETTE,LA_LAFAYETTE
P000864,John,Johnson,1907,1962,M,,,LA_RAPIDES,LA_RAPIDES
P000865,Thomas,Johnson,1908,1994,M,,,LA_RAPIDES,MS_HINDS
P000866,Walter,Doucet,1907,1957,M,,,LA_TERREBONNE,LA_TERREBONNE
P000867,John,Trahan,1938,1973,M,,,AR_PULASKI,AR_PULASKI
P000868,Louis,Comeaux,1910,1964,M,,,AR_PULASKI,AR_PULASKI
P000869,Ruby,Trahan,1965,2010,F,,,LA_OUACHITA,LA_RAPIDES
P000870,Marie,Guidry,1910,1975,F,,,LA_OUACHITA,LA_OUACHITA
P000871,Pearl,Comeaux,1954,2007,F,,,LA_ORLEANS_NO,LA_ORLEANS_NO
P000872,Henry,Landry,1947,1994,M,,,LA_CALCASIEU,LA_EBR_BTR
P000873,James,Fontenot,1907,1973,M,,,LA_OUACHITA,LA_OUACHITA
P000874,Ella,Boudreaux,1891,1944,F,,,LA_EBR_BTR,LA_ST_TAMMANY
P000875,Henry,Guidry,1874,1954,M,,,LA_RAPIDES,LA_RAPIDES
P000876,Joseph,Babin,1895,1928,M,,,LA_TERREBONNE,LA_TERREBONNE
P000877,James,Broussard,1867,1917,M,,,TX_HARRIS,LA_LAFAYETTE
P000878,Clara,LeBlanc,1904,1984,F,,,LA_EBR_BTR,LA_EBR_BTR
P000879,James,Hebert,1920,2005,M,,,LA_RAPIDES,LA_RAPIDES
P000880,Louis,Gautreaux,1954,2025,M,,,TX_HARRIS,TX_HARRIS
P000881,Marie,Comeaux,1930,1998,F,,,LA_ST_TAMMANY,LA_ST_TAMMANY
P000882,Pearl,Babin,1900,1957,F,,,MS_HINDS,TX_JEFFERSON
P000883,George,Williams,1897,1977,M,,,LA_OUACHITA,LA_OUACHITA
P000884,Louise,Landry,1917,1961,F,,,LA_ST_TAMMANY,LA_ST_TAMMANY
P000885,Thomas,Thibodeaux,1940,1976,M,,,LA_ST_TAMMANY,LA_ST_TAMMANY
P000886,Ruby,Miller,1905,1983,F,,,LA_EBR_BTR,LA_EBR_BTR
P000887,Evelyn,Williams,1907,1958,F,,,LA_LAFAYETTE,AR_PULASKI
P000888,Hazel,Miller,1934,2008,F,,,MS_HINDS,MS_HINDS
P000889,Josephine,Miller,1909,1951,F,,,LA_EBR_BTR,LA_EBR_BTR
P000890,Pearl,Bell,1931,1989,F,,,LA_CALCASIEU,LA_TERREBONNE
P000891,Evelyn,Brown,1865,1947,F,,,LA_OUACHITA,LA_OUACHITA
P000892,Louis,Brown,1898,1988,M,,,LA_CALCASIEU,LA_CALCASIEU
P000893,Louis,Bell,1885,1974,M,,,LA_ORLEANS_NO,LA_ORLEANS_NO
P000894,Joseph,LeBlanc,1909,1990,M,,,LA_RAPIDES,LA_OUACHITA
P000895,George,Fontenot,1874,1952,M,,,LA_EBR_BTR,LA_EBR_BTR
P000896,Thomas,Trahan,1914,1981,M,,,MS_HINDS,AR_PULASKI
P000897,Ruby,Hebert,1922,1969,F,,,LA_LAFAYETTE,TX_HARRIS
P000898,Louise,Guidry,1918,2005,F,,,LA_EBR_BTR,LA_TERREBONNE
P000899,Louis,Williams,1890,1923,M,,,TX_JEFFERSON,LA_ST_TAMMANY
P000900,Rose,Fontenot,1895,1974,F,,,LA_EBR_BTR,LA_EBR_BTR
P000901,Josephine,Bell,1919,1971,F,,,LA_OUACHITA,LA_OUACHITA
P000902,Ruby,Guidry,1921,1973,F,,,LA_OUACHITA,TX_JEFFERSON
P000903,Josephine,Williams,1952,1987,F,,,LA_OUACHITA,LA_OUACHITA
P000904,Louise,Guidry,1938,1978,F,,,LA_ST_TAMMANY,LA_ORLEANS_NO
P000905,Pearl,Richard,1924,1979,F,,,LA_LAFAYETTE,MS_HINDS
P000906,Walter,Guidry,1904,1974,M,,,LA_CALCASIEU,LA_CALCASIEU
P000907,Ruby,Richard,1937,1976,F,,,LA_RAPIDES,LA_TERREBONNE
P000908,Josephine,LeBlanc,1958,2019,F,,,LA_ST_TAMMANY,LA_ST_TAMMANY
P000909,Ruby,Miller,1930,2006,F,,,LA_CALCASIEU,LA_RAPIDES
P000910,Clara,Brown,1937,2007,F,,,LA_TERREBONNE,LA_TERREBONNE
P000911,Louise,Williams,1907,1975,F,,,LA_EBR_BTR,LA_TERREBONNE
P000912,Thomas,Miller,1890,1953,M,,,LA_ORLEANS_NO,LA_OUACHITA
P000913,Thomas,Thibodeaux,1867,1926,M,,,LA_ST_TAMMANY,LA_ST_TAMMANY
P000914,Henry,Bell,1872,1938,M,,,LA_CALCASIEU,LA_ST_TAMMANY
P000915,John,Brown,1898,1959,M,,,LA_CALCASIEU,LA_CALCASIEU
P000916,Rose,Doucet,1902,1979,F,,,MS_HINDS,AR_PULASKI
P000917,Arthur,Doucet,1930,1962,M,,,LA_ST_TAMMANY,LA_ST_TAMMANY
P000918,Hazel,Trahan,1957,2025,F,,,LA_ORLEANS_NO,LA_TERREBONNE
P000919,Marie,Broussard,1907,1974,F,,,LA_LAFAYETTE,TX_JEFFERSON
P000920,Marie,Trahan,1860,1938,F,,,LA_CALCASIEU,LA_CALCASIEU
P000921,Ruby,Trahan,1860,1923,F,,,LA_RAPIDES,LA_RAPIDES
P000922,Rose,Boudreaux,1963,2025,F,,,LA_OUACHITA,LA_OUACHITA
P000923,Pierre,Landry,1860,1949,M,,,LA_RAPIDES,LA_RAPIDES
P000924,Marie,Richard,1905,1974,F,,,MS_HARRISON,MS_HARRISON
P000925,James,Williams,1887,1956,M,,,MS_HINDS,MS_HINDS
P000926,George,Brown,1942,2021,M,,,LA_CALCASIEU,LA_CALCASIEU
P000927,Pearl,Broussard,1901,1948,F,,,LA_TERREBONNE,LA_TERREBONNE
P000928,George,Broussard,1945,2004,M,,,LA_ORLEANS_NO,LA_ORLEANS_NO
P000929,George,Gautreaux,1912,1998,M,,,LA_RAPIDES,LA_RAPIDES
P000930,Hazel,Johnson,1959,2015,F,,,LA_CALCASIEU,LA_CALCASIEU
P000931,Henry,Gautreaux,1918,1984,M,,,LA_TERREBONNE,MS_HINDS
P000932,John,Fontenot,1920,1984,M,,,LA_ST_TAMMANY,LA_ST_TAMMANY
P000933,Marie,Gautreaux,1931,2018,F,,,MS_HARRISON,LA_TERREBONNE
P000934,Marie,Hebert,1911,1951,F,,,LA_ORLEANS_NO,LA_TERREBONNE
P000935,Joseph,Doucet,1891,1980,M,,,LA_LAFAYETTE,MS_HINDS
P000936,Louis,Trahan,1883,1956,M,,,LA_ORLEANS_NO,LA_OUACHITA
P000937,Evelyn,Trahan,1881,1955,F,,,LA_LAFAYETTE,LA_LAFAYETTE
P000938,Arthur,Bell,1902,1972,M,,,LA_CALCASIEU,LA_CALCASIEU
P000939,Evelyn,Comeaux,1900,1935,F,,,LA_EBR_BTR,LA_ORLEANS_NO
P000940,Ella,Comeaux,1900,1969,F,,,TX_HARRIS,LA_RAPIDES
P000941,George,Babin,1916,2001,M,,,LA_RAPIDES,LA_RAPIDES
P000942,Clara,Trahan,1878,1940,F,,,LA_TERREBONNE,LA_OUACHITA
P000943,John,Fontenot,1884,1956,M,,,LA_CALCASIEU,LA_CALCASIEU
P000944,Rose,Fontenot,1885,1921,F,,,LA_LAFAYETTE,LA_LAFAYETTE
P000945,Rose,LeBlanc,1965,2025,F,,,LA_EBR_BTR,LA_EBR_BTR
P000946,Henry,Trahan,1883,1968,M,,,LA_OUACHITA,LA_CALCASIEU
P000947,Ella,Doucet,1903,1976,F,,,LA_LAFAYETTE,LA_ST_TAMMANY
P000948,Walter,Doucet,1870,1920,M,,,LA_OUACHITA,LA_OUACHITA
P000949,George,Trahan,1909,1981,M,,,LA_ORLEANS_NO,AR_PULASKI
P000950,John,Guidry,1900,1943,M,,,AR_PULASKI,AR_PULASKI
P000951,Louise,Boudreaux,1941,1978,F,,,LA_ST_TAMMANY,LA_EBR_BTR
P000952,Thomas,Bell,1918,1982,M,,,TX_HARRIS,LA_ORLEANS_NO
P000953,John,Babin,1899,1972,M,,,LA_OUACHITA,LA_OUACHITA
P000954,John,Broussard,1924,1990,M,,,LA_OUACHITA,LA_OUACHITA
P000955,Marie,Fontenot,1905,1935,F,,,LA_TERREBONNE,MS_HARRISON
P000956,Louis,Gautreaux,1880,1966,M,,,LA_LAFAYETTE,LA_LAFAYETTE
P000957,Louis,Brown,1893,1929,M,,,LA_EBR_BTR,LA_RAPIDES
P000958,Pierre,Johnson,1891,1921,M,,,TX_HARRIS,LA_ST_TAMMANY
P000959,Thomas,Miller,1907,1991,M,,,MS_HARRISON,MS_HARRISON
P000960,Thomas,Trahan,1868,1945,M,,,LA_ST_TAMMANY,LA_ST_TAMMANY
P000961,Pearl,Fontenot,1943,2008,F,,,LA_LAFAYETTE,LA_LAFAYETTE
P000962,Josephine,Broussard,1924,1990,F,,,LA_TERREBONNE,LA_EBR_BTR
P000963,John,Comeaux,1965,2025,M,,,LA_LAFAYETTE,LA_ST_TAMMANY
P000964,Louis,Doucet,1891,1970,M,,,TX_HARRIS,TX_HARRIS
P000965,Joseph,Broussard,1918,2005,M,,,LA_ORLEANS_NO,LA_OUACHITA
P000966,John,Broussard,1912,1995,M,,,LA_EBR_BTR,LA_EBR_BTR
P000967,Ella,Trahan,1906,1954,F,,,AR_PULASKI,LA_TERREBONNE
P000968,Arthur,Miller,1906,1982,M,,,LA_EBR_BTR,LA_EBR_BTR
P000969,George,LeBlanc,1889,1946,M,,,MS_HINDS,MS_HINDS
P000970,James,Landry,1892,1953,M,,,LA_OUACHITA,LA_OUACHITA
P000971,John,Miller,1938,2006,M,,,LA_TERREBONNE,LA_TERREBONNE
P000972,Marie,Johnson,1869,1937,F,,,TX_HARRIS,LA_ORLEANS_NO
P000973,Josephine,Miller,1939,2009,F,,,TX_JEFFERSON,AR_PULASKI
P000974,George,Comeaux,1902,1947,M,,,LA_CALCASIEU,LA_CALCASIEU
P000975,Ruby,Miller,1897,1942,F,,,LA_CALCASIEU,LA_ORLEANS_NO
P000976,Pierre,Thibodeaux,1895,1966,M,,,MS_HINDS,MS_HINDS
P000977,Marie,Boudreaux,1911,1992,F,,,LA_EBR_BTR,LA_CALCASIEU
P000978,Thomas,Trahan,1964,2025,M,,,LA_ST_TAMMANY,LA_ST_TAMMANY
P000979,Henry,Hebert,1892,1929,M,,,MS_HARRISON,MS_HARRISON
P000980,Ella,Thibodeaux,1914,1954,F,,,MS_HINDS,MS_HINDS
P000981,James,Landry,1903,1962,M,,,MS_HARRISON,LA_TERREBONNE
P000982,James,Broussard,1891,1979,M,,,AR_PULASKI,LA_LAFAYETTE
P000983,Marie,Trahan,1914,1988,F,,,MS_HARRISON,MS_HARRISON
P000984,Louise,Broussard,1873,1929,F,,,LA_CALCASIEU,TX_JEFFERSON
P000985,Ruby,Bell,1937,1992,F,,,LA_TERREBONNE,LA_TERREBONNE
P000986,Marie,Brown,1909,1997,F,,,LA_EBR_BTR,LA_EBR_BTR
P000987,Ella,Gautreaux,1893,1967,F,,,LA_TERREBONNE,LA_RAPIDES
P000988,Hazel,Bell,1883,1942,F,,,LA_OUACHITA,LA_RAPIDES
P000989,Walter,Trahan,1926,1986,M,,,LA_ST_TAMMANY,AR_PULASKI
P000990,Louise,Broussard,1946,2025,F,,,LA_EBR_BTR,LA_CALCASIEU
P000991,James,Babin,1860,1941,M,,,LA_TERREBONNE,LA_TERREBONNE
P000992,Ella,Babin,1891,1930,F,,,LA_ST_TAMMANY,LA_ST_TAMMANY
P000993,Evelyn,Babin,1887,1940,F,,,LA_EBR_BTR,LA_EBR_BTR
P000994,Rose,Gautreaux,1865,1903,F,,,MS_HINDS,MS_HINDS
P000995,Arthur,Broussard,1921,1976,M,,,LA_ST_TAMMANY,LA_ST_TAMMANY
P000996,Ella,Richard,1878,1930,F,,,LA_OUACHITA,LA_TERREBONNE
P000997,Arthur,Broussard,1890,1945,M,,,MS_HARRISON,MS_HARRISON
P000998,John,Broussard,1860,1946,M,,,LA_ST_TAMMANY,LA_ST_TAMMANY
P000999,Pierre,Trahan,1877,1907,M,,,LA_ORLEANS_NO,LA_TERREBONNE
P001000,Rose,Doucet,1886,1916,F,,,LA_TERREBONNE,TX_JEFFERSON
P001001,Hazel,Fontenot,1915,1946,F,,,LA_CALCASIEU,TX_JEFFERSON
P001002,Joseph,Doucet,1942,2001,M,,,LA_ST_TAMMANY,LA_OUACHITA
P001003,Pierre,Fontenot,1906,1981,M,,,TX_HARRIS,LA_ST_TAMMANY
P001004,Louise,Comeaux,1876,1908,F,,,MS_HINDS,LA_TERREBONNE
P001005,Clara,Thibodeaux,1910,1974,F,,,LA_OUACHITA,LA_RAPIDES
P001006,Pearl,Landry,1919,1997,F,,,LA_RAPIDES,AR_PULASKI
P001007,Hazel,Thibodeaux,1929,1984,F,,,TX_JEFFERSON,TX_JEFFERSON
P001008,Clara,Boudreaux,1915,1954,F,,,LA_LAFAYETTE,LA_CALCASIEU
P001009,Walter,Miller,1912,1975,M,,,LA_ST_TAMMANY,MS_HINDS
P001010,James,Brown,1880,1953,M,,,LA_TERREBONNE,LA_TERREBONNE
P001011,Thomas,Bell,1900,1990,M,,,LA_EBR_BTR,LA_CALCASIEU
P001012,John,Williams,1887,1963,M,,,LA_ORLEANS_NO,LA_ORLEANS_NO
P001013,Joseph,Miller,1907,1937,M,,,LA_OUACHITA,LA_OUACHITA
P001014,Evelyn,Bell,1932,1975,F,,,LA_CALCASIEU,LA_CALCASIEU
P001015,George,Williams,1918,1973,M,,,LA_OUACHITA,LA_OUACHITA
P001016,Rose,Bell,1904,1968,F,,,LA_ORLEANS_NO,LA_LAFAYETTE
P001017,Josephine,Johnson,1909,1955,F,,,LA_TERREBONNE,LA_TERREBONNE
P001018,Walter,Miller,1891,1926,M,,,LA_TERREBONNE,LA_EBR_BTR
P001019,Arthur,Landry,1929,1970,M,,,LA_TERREBONNE,LA_CALCASIEU
P001020,Pierre,Gautreaux,1889,1965,M,,,LA_EBR_BTR,LA_ST_TAMMANY
P001021,Evelyn,Guidry,1910,1973,F,,,LA_LAFAYETTE,LA_LAFAYETTE
P001022,James,Hebert,1871,1909,M,,,LA_ST_TAMMANY,MS_HINDS
P001023,Henry,Guidry,1874,1910,M,,,AR_PULASKI,AR_PULASKI
P001024,Evelyn,Landry,1918,1957,F,,,LA_RAPIDES,LA_EBR_BTR
P001025,John,Thibodeaux,1920,1974,M,,,LA_EBR_BTR,LA_EBR_BTR
P001026,James,Miller,1933,1995,M,,,LA_ST_TAMMANY,LA_CALCASIEU
P001027,Henry,Trahan,1965,2025,M,,,LA_RAPIDES,LA_RAPIDES
P001028,Josephine,Landry,1900,1930,F,,,MS_HINDS,MS_HINDS
P001029,Joseph,Guidry,1942,1984,M,,,LA_CALCASIEU,TX_HARRIS
P001030,Clara,Brown,1876,1915,F,,,LA_ST_TAMMANY,LA_EBR_BTR
P001031,Henry,Hebert,1898,1945,M,,,LA_RAPIDES,LA_RAPIDES
P001032,Thomas,Thibodeaux,1916,1987,M,,,LA_RAPIDES,LA_RAPIDES
P001033,Ella,Boudreaux,1926,1981,F,,,LA_TERREBONNE,LA_TERREBONNE
P001034,Clara,Hebert,1911,1975,F,,,MS_HARRISON,LA_EBR_BTR
P001035,Ella,Richard,1905,1967,F,,,LA_TERREBONNE,AR_PULASKI
P001036,John,Boudreaux,1897,1935,M,,,LA_TERREBONNE,LA_TERREBONNE
P001037,Evelyn,Guidry,1918,1983,F,,,TX_JEFFERSON,LA_ST_TAMMANY
P001038,Thomas,Thibodeaux,1923,2001,M,,,LA_CALCASIEU,LA_CALCASIEU
P001039,Henry,Landry,1899,1986,M,,,LA_CALCASIEU,LA_CALCASIEU
P001040,Ruby,Hebert,1924,1983,F,,,LA_CALCASIEU,LA_CALCASIEU
P001041,Louise,Guidry,1910,1969,F,,,LA_ORLEANS_NO,LA_EBR_BTR
P001042,Henry,Williams,1885,1923,M,,,LA_TERREBONNE,LA_ORLEANS_NO
P001043,Arthur,Comeaux,1904,1969,M,,,LA_RAPIDES,LA_ST_TAMMANY
P001044,James,Williams,1889,1929,M,,,MS_HARRISON,LA_CALCASIEU
P001045,Arthur,Brown,1907,1956,M,,,LA_TERREBONNE,LA_OUACHITA
P001046,Ruby,Williams,1881,1948,F,,,MS_HARRISON,MS_HARRISON
P001047,Thomas,Miller,1925,1993,M,,,LA_ORLEANS_NO,LA_ORLEANS_NO
P001048,Ella,Bell,1947,1989,F,,,LA_ST_TAMMANY,LA_ST_TAMMANY
P001049,Evelyn,Williams,1931,2010,F,,,MS_HARRISON,MS_HARRISON
P001050,Henry,Babin,1912,1998,M,,,LA_RAPIDES,AR_PULASKI
P001051,Rose,Broussard,1921,1976,F,,,LA_EBR_BTR,AR_PULASKI
P001052,Hazel,Thibodeaux,1874,1940,F,,,LA_EBR_BTR,LA_TERREBONNE
P001053,Pierre,Richard,1910,1952,M,,,LA_ORLEANS_NO,TX_HARRIS
P001054,Clara,Thibodeaux,1880,1964,F,,,LA_ORLEANS_NO,LA_RAPIDES
P001055,Joseph,Gautreaux,1903,1975,M,,,LA_RAPIDES,LA_RAPIDES
